1;47;112;86;162;147;198;218;201;265;175;304;121;234;104;181;101;132;100;82;107
2;46;113;80;157;130;190;207;203;264;177;298;124;258;109;209;106;145;103;88;108
3;51;116;88;162;129;187;188;204;261;180;300;126;248;108;185;104;136;102;90;107
4;48;114;74;152;110;176;170;201;243;192;302;127;259;108;200;102;152;100;91;105
5;51;111;87;158;147;191;229;193;275;162;302;123;262;103;206;94;138;91;92;95
6;49;110;80;151;128;183;192;199;262;176;303;120;260;102;197;91;143;90;94;96
7;55;101;99;143;158;162;222;172;279;156;305;111;254;80;185;67;139;76;92;87
8;60;101;109;135;170;155;242;166;290;144;305;107;254;69;198;66;146;70;103;83
9;61;98;114;131;180;149;243;158;288;138;300;106;259;69;210;60;152;66;103;77
10;61;97;117;129;165;142;229;158;277;149;299;103;272;73;224;59;169;62;114;73
11;50;96;98;141;166;162;243;168;286;146;304;111;275;86;219;65;150;66;100;78
12;51;100;115;147;178;166;243;167;284;146;305;110;260;79;199;63;142;64;89;80
13;45;112;81;160;146;197;216;206;276;177;302;123;259;105;199;98;133;101;84;106
14;47;111;85;166;132;193;204;205;257;184;303;126;243;103;180;97;127;98;82;103
15;46;107;85;164;139;195;218;201;276;167;302;123;245;98;196;91;141;89;86;97
16;63;100;111;131;165;151;220;159;262;149;294;120;243;107;193;101;150;99;104;100
17;60;104;107;142;163;166;220;171;263;153;295;123;253;110;196;98;156;100;102;102
18;54;109;95;156;148;187;215;195;265;172;302;122;251;109;191;101;136;98;90;102
19;45;106;84;153;131;187;199;203;250;187;302;121;256;107;195;99;145;99;90;104
20;45;110;101;171;164;203;237;197;278;163;301;127;248;105;188;100;139;98;99;102
21;45;111;88;167;129;193;196;208;254;185;300;127;254;109;185;101;138;99;88;105
22;49;112;91;171;143;199;221;204;273;174;302;127;271;109;219;104;166;101;103;105
23;49;113;88;167;144;199;214;204;269;178;301;127;258;109;198;99;144;99;95;103
24;50;110;83;164;145;199;214;203;270;176;302;128;252;111;184;105;133;103;86;105
25;48;111;83;164;140;199;216;204;271;175;300;126;250;108;188;101;130;101;83;105
26;50;117;87;161;148;196;226;200;270;171;299;128;262;112;215;109;162;108;101;109
27;51;117;95;164;143;197;214;202;262;178;299;130;258;113;200;107;149;107;99;109
28;51;124;94;167;146;198;213;202;262;177;304;129;271;118;209;115;152;115;99;117
29;56;123;91;169;140;196;212;204;264;178;297;134;245;114;180;113;141;114;93;116
30;50;114;91;165;147;197;211;204;269;174;297;126;260;110;210;104;153;101;97;104
31;49;113;91;165;149;197;217;203;270;176;298;126;249;107;200;105;147;102;95;108
32;48;115;83;162;139;199;210;205;266;175;296;130;243;110;185;104;126;104;84;108
33;46;114;86;163;136;194;215;203;266;178;297;130;254;108;207;105;144;102;95;105
34;51;113;85;160;135;194;200;204;253;188;299;128;259;112;203;105;146;105;97;107
35;66;93;110;132;167;152;217;160;267;150;303;112;268;101;221;86;175;82;116;86
36;72;97;115;123;170;146;226;149;267;143;296;118;262;105;204;94;163;92;114;95
37;71;101;117;128;162;144;219;147;265;145;310;125;278;114;229;105;180;101;120;97
38;64;101;107;137;155;156;213;164;255;155;301;119;262;110;208;98;160;99;113;97
39;52;119;96;168;159;195;225;201;270;175;302;124;260;114;196;110;147;111;100;114
40;61;125;102;164;157;186;213;199;275;179;299;124;273;113;227;111;174;114;113;117
41;55;125;100;165;171;191;230;199;278;182;302;123;266;110;210;109;161;113;108;119
42;56;127;113;172;185;196;249;197;290;166;301;125;246;110;181;112;140;116;96;119
43;66;129;120;164;177;184;232;186;275;161;309;119;261;112;203;110;158;112;111;117
44;77;132;130;162;184;178;235;173;266;156;296;133;255;130;206;127;172;129;122;129
45;73;126;106;150;158;174;208;176;262;154;292;131;251;128;205;127;158;127;115;126
46;71;124;107;155;153;179;217;183;259;162;297;130;248;127;198;125;156;125;113;124
47;59;131;99;174;156;202;211;203;260;180;298;133;260;128;204;125;156;127;105;127
48;62;136;106;178;173;207;231;200;272;169;300;133;240;128;186;127;143;128;99;129
49;94;90;142;106;184;121;214;126;258;124;307;120;277;110;234;98;192;95;135;94
50;66;103;124;138;182;153;232;158;283;140;309;111;278;102;236;90;186;88;128;93
51;66;107;107;141;152;155;225;167;265;155;305;111;264;100;214;90;161;92;116;95
52;60;99;116;132;169;148;221;159;281;148;305;109;273;89;223;77;156;82;105;92
53;60;99;118;133;176;148;227;156;283;148;306;107;282;86;225;70;173;73;123;85
54;73;106;116;127;169;144;218;147;264;141;302;128;272;119;228;111;180;108;121;106
55;61;110;117;144;173;164;230;164;269;146;298;123;251;114;204;106;158;105;116;105
56;49;107;105;156;173;180;231;181;281;158;308;117;263;94;208;83;151;84;97;92
57;47;104;100;159;172;180;239;181;285;154;305;117;273;97;214;86;157;86;99;95
58;47;105;88;147;148;173;206;184;259;172;304;119;269;93;211;80;148;83;91;92
59;55;96;114;128;176;146;235;157;285;143;305;105;266;80;215;60;155;64;112;74
60;62;94;113;129;179;146;245;152;290;131;302;107;260;82;209;71;157;72;104;82
61;69;97;115;125;160;142;222;147;264;144;302;121;258;109;214;99;161;94;97;98
62;73;101;119;131;167;148;223;150;267;147;306;124;270;109;223;101;165;95;108;96
63;43;116;90;169;147;198;223;203;272;176;304;130;254;112;188;110;129;111;87;113
64;48;117;81;159;129;193;216;202;271;176;302;131;252;116;204;110;147;106;89;108
65;48;115;86;162;130;197;218;205;271;176;298;133;259;115;200;108;151;108;96;110
66;57;112;99;148;152;175;202;188;257;170;296;129;258;121;215;112;167;111;114;112
67;72;105;123;126;173;145;216;151;261;144;295;125;245;112;199;107;154;104;118;105
68;49;113;82;162;135;191;216;204;272;174;302;124;259;111;203;102;147;100;95;105
69;48;112;82;162;127;194;199;207;258;182;306;128;264;112;202;103;152;99;90;105
70;52;114;84;161;143;199;227;198;276;168;303;129;256;112;203;103;155;98;91;104
71;47;110;81;162;138;199;199;203;259;180;301;133;252;113;198;105;136;102;88;103
72;48;119;91;169;150;199;224;209;272;175;301;131;251;112;194;103;140;102;91;107
73;55;106;88;151;131;181;201;194;254;178;301;125;257;105;201;90;144;87;103;95
74;67;49;121;66;191;82;255;94;302;101;344;104;292;93;234;87;196;75;131;63
75;62;45;124;58;167;68;215;79;258;90;311;105;281;89;233;77;181;63;118;53
76;88;54;145;63;194;74;239;87;280;94;322;100;275;89;236;80;194;71;140;61
77;83;60;127;78;177;91;221;100;254;102;295;103;269;90;238;77;191;62;134;62
78;89;72;139;91;181;110;223;115;264;117;311;105;267;87;230;71;177;61;136;66
79;74;78;117;100;169;117;218;124;261;123;310;105;260;85;216;67;154;65;118;70
80;76;87;124;115;168;129;228;137;271;134;311;107;262;87;219;72;173;67;128;72
81;48;112;87;164;134;193;211;209;263;182;304;127;249;114;177;104;144;104;91;110
82;50;104;101;143;159;165;223;173;284;153;309;118;256;88;204;78;162;78;103;89
83;50;104;98;140;147;164;215;173;268;160;303;117;256;91;207;81;153;81;104;92
84;50;104;90;144;151;168;221;173;274;159;308;116;262;95;206;82;150;84;94;93
85;46;116;83;160;137;188;199;202;257;182;301;126;265;117;213;108;149;104;93;109
86;51;116;91;163;146;193;214;201;271;172;300;129;257;114;202;107;150;106;93;107
87;52;107;98;156;154;179;218;184;275;164;303;120;250;93;196;82;147;85;93;95
88;51;105;93;154;152;179;218;186;276;162;304;119;259;95;204;82;143;86;97;94
89;49;107;97;155;149;177;213;187;266;167;306;120;259;96;204;86;142;85;90;96
90;48;105;95;151;157;177;226;181;277;159;305;115;254;96;199;83;158;84;94;93
91;55;104;98;150;177;178;237;177;278;153;301;121;265;98;214;87;163;85;108;92
92;72;99;105;127;160;153;226;155;260;146;295;121;241;106;193;99;145;96;109;98
93;82;98;123;117;172;130;234;135;274;134;312;128;258;121;222;115;172;115;116;108
94;72;107;128;135;171;149;236;152;272;146;306;132;254;118;210;113;167;107;113;107
95;47;113;90;165;153;195;219;200;265;176;304;132;268;113;210;103;161;102;96;106
96;46;113;89;159;148;190;225;199;265;174;301;129;262;107;206;94;154;95;96;103
97;51;106;94;152;156;176;231;177;278;163;306;120;269;97;220;82;166;76;108;88
98;49;115;92;163;150;191;219;202;273;175;301;127;248;106;181;102;137;103;86;108
99;46;114;85;165;156;194;222;203;275;174;301;127;260;108;203;103;142;101;91;107
100;49;110;97;167;164;197;231;199;277;167;303;123;253;108;198;101;149;103;91;107
101;46;111;82;159;143;195;218;199;264;175;300;129;248;106;192;100;140;97;88;102
102;66;138;112;154;173;164;227;159;263;147;295;115;253;109;204;109;157;117;110;124
103;62;143;119;169;174;178;235;168;273;148;309;112;262;109;206;108;147;116;99;129
104;66;141;112;164;178;174;236;170;269;151;301;113;243;108;195;108;155;112;102;130
105;69;141;127;170;187;176;232;173;271;151;300;113;255;109;204;107;150;111;108;125
106;63;142;113;168;172;177;232;174;275;148;297;116;256;107;199;109;148;115;102;127
107;81;102;145;108;193;110;249;114;294;105;329;94;275;79;224;77;186;81;143;91
108;110;101;162;108;209;113;262;111;301;102;329;92;279;81;241;76;199;78;158;87
109;126;93;178;99;223;104;257;104;298;99;332;91;283;82;236;70;187;77;145;87
110;119;95;163;99;215;105;265;106;295;103;333;94;294;84;245;73;188;78;147;88
111;112;96;168;101;210;106;259;107;289;102;328;94;284;81;240;76;193;81;151;92
112;116;98;155;99;204;103;243;106;279;104;319;99;292;85;254;77;214;74;167;82
113;60;139;105;166;171;178;237;172;276;149;308;111;258;107;198;108;146;111;98;128
114;70;143;117;169;174;177;225;175;268;152;299;113;252;110;208;108;155;110;107;125
115;76;135;117;149;179;162;230;159;270;145;319;118;274;114;216;111;170;111;118;120
116;86;127;134;134;190;140;240;134;274;127;317;111;267;111;216;110;170;110;133;120
117;89;131;131;143;171;154;230;149;272;137;308;119;263;115;220;114;169;117;130;121
118;78;141;122;157;182;162;232;154;272;144;295;114;255;109;206;109;162;112;109;125
119;70;143;111;164;167;172;221;172;264;154;307;109;272;108;223;106;168;108;115;120
120;68;141;125;168;188;173;239;165;274;145;307;110;260;107;208;105;164;108;113;120
121;71;138;117;165;166;175;219;172;270;150;302;114;249;109;192;109;148;113;103;125
122;67;140;115;166;173;174;229;170;279;147;304;108;251;106;198;106;157;112;108;127
123;73;137;116;163;176;172;229;168;273;146;301;109;245;109;191;107;153;111;107;123
124;79;140;131;166;190;172;244;163;281;143;304;112;257;107;211;108;166;113;123;123
125;73;142;118;167;179;174;225;170;275;149;303;111;251;110;194;110;153;115;110;126
126;74;142;121;168;184;175;235;168;272;144;302;112;256;109;203;109;151;113;109;124
127;88;128;132;140;181;147;239;147;278;133;308;112;260;108;217;107;172;109;127;117
128;87;134;128;148;183;154;228;154;266;144;305;107;262;105;207;104;162;111;118;121
129;69;140;119;175;179;181;244;175;282;145;302;114;252;112;196;111;148;115;109;128
130;68;144;114;168;170;180;217;180;266;160;303;116;263;112;211;115;175;118;114;131
131;67;145;112;174;174;182;230;177;269;157;299;114;250;116;198;117;163;122;113;131
132;69;143;118;161;168;167;229;167;279;149;301;111;262;105;203;104;160;109;113;126
133;70;138;119;164;175;171;234;167;276;148;301;113;270;102;222;104;176;110;120;121
134;75;138;131;168;189;171;245;164;289;141;308;109;266;106;209;107;160;113;119;124
135;77;155;116;182;180;191;236;184;297;160;319;116;268;113;221;118;175;122;129;134
136;78;154;126;179;174;185;224;184;281;170;323;113;273;112;224;117;182;121;125;135
137;74;149;126;181;187;186;238;183;296;164;322;116;269;117;220;118;177;122;121;132
138;70;149;127;173;174;180;229;179;272;166;304;118;263;118;207;117;171;120;119;132
139;77;141;124;162;173;173;219;170;262;150;294;118;250;117;200;118;161;121;110;130
140;79;150;130;175;182;182;245;174;278;151;302;113;252;113;195;116;151;123;116;134
141;73;148;126;173;185;180;236;174;274;149;292;118;252;112;207;114;153;123;112;134
142;77;147;120;166;177;181;230;173;270;153;296;124;256;123;205;122;170;129;119;137
143;82;154;129;173;190;178;242;167;275;149;299;118;249;120;200;123;161;131;110;142
144;78;153;126;169;174;178;225;176;268;156;296;120;256;121;203;124;161;131;111;140
145;75;146;112;169;158;179;207;177;253;167;295;120;247;119;196;123;148;126;109;135
146;80;148;127;169;176;176;230;172;264;154;293;122;256;122;208;122;169;128;122;137
147;79;149;121;167;177;174;225;171;266;150;293;119;258;112;202;117;152;123;113;136
148;81;150;134;169;195;176;240;170;277;145;298;113;261;112;225;115;171;121;123;132
149;76;146;125;171;184;177;232;172;277;148;298;116;243;116;187;119;142;125;106;135
150;78;147;121;172;160;179;205;177;262;160;291;120;256;114;208;116;169;121;121;136
151;78;149;125;167;177;176;235;173;272;150;293;118;251;115;203;115;164;123;121;137
152;84;146;127;168;172;177;230;175;272;154;293;120;258;115;216;116;174;120;126;135
153;82;145;126;163;172;169;225;165;267;149;300;116;258;114;210;117;166;122;129;130
154;83;146;127;160;186;165;233;166;272;149;296;117;259;114;213;115;169;126;127;134
155;87;144;138;167;204;169;253;160;277;142;300;114;271;114;234;114;188;118;138;129
156;84;149;129;166;179;169;229;169;269;153;298;115;259;116;211;118;168;124;125;135
157;89;148;130;164;184;168;225;165;269;151;300;117;261;116;211;115;174;121;136;131
158;88;146;124;166;177;167;226;168;268;150;293;119;257;116;206;116;169;123;129;132
159;75;144;129;165;177;170;229;157;261;142;295;118;258;116;215;116;164;121;120;130
160;78;143;111;159;157;168;211;166;248;148;283;117;247;115;206;117;167;123;119;132
161;85;143;136;164;187;170;228;157;264;139;294;116;258;115;206;117;166;118;127;128
162;75;146;121;161;167;170;210;165;246;149;286;115;255;114;210;117;162;119;118;132
163;92;144;140;161;191;162;241;155;272;138;299;112;262;112;221;115;182;119;134;131
164;95;137;137;151;185;159;230;157;266;146;296;118;273;113;226;113;183;115;145;124
165;102;130;137;140;196;149;237;145;272;137;309;121;273;116;238;115;195;116;144;122
166;97;131;131;141;182;147;228;146;268;139;302;122;266;112;219;113;179;114;136;121
167;95;135;140;152;187;158;241;157;285;140;317;124;280;112;238;112;195;113;149;119
168;85;138;137;155;196;160;244;158;286;139;304;115;265;108;229;108;177;113;133;122
169;70;118;123;132;171;137;216;133;257;119;306;103;257;93;218;88;174;89;114;102
170;71;123;120;138;167;145;224;143;269;128;307;107;272;101;234;98;189;98;127;108
171;74;137;117;152;168;163;217;161;268;145;306;113;262;104;221;105;175;108;124;119
172;66;139;119;160;176;167;235;164;275;142;303;110;255;105;205;104;157;109;110;122
173;67;144;104;164;153;169;210;168;257;148;294;107;250;106;203;105;146;112;105;124
174;70;143;116;161;163;170;225;163;267;147;291;111;247;106;212;104;167;108;113;121
175;73;140;129;165;182;169;238;160;275;140;304;110;269;105;223;105;176;106;124;116
176;79;139;130;162;184;165;243;156;273;139;297;112;252;107;209;108;163;109;120;121
177;89;126;137;140;179;148;229;147;275;131;313;115;267;111;224;110;177;109;127;117
178;91;131;141;139;184;146;217;146;261;137;303;118;262;113;217;113;178;115;136;120
179;90;134;131;150;182;158;232;160;271;144;310;115;274;111;233;112;177;109;122;120
180;76;141;124;157;172;167;227;163;269;148;294;112;253;109;202;111;154;116;118;124
181;69;139;112;162;157;170;211;164;250;150;286;111;251;109;203;111;159;114;117;122
182;72;137;123;158;166;166;220;155;259;142;287;114;248;105;201;105;152;107;112;116
183;69;126;111;141;151;149;211;140;251;127;300;109;264;100;217;100;164;99;104;110
184;76;145;121;164;176;172;231;172;283;153;322;121;266;116;203;113;158;114;118;130
185;87;129;140;143;195;152;248;142;285;130;323;115;277;111;221;113;164;114;129;120
186;85;131;123;145;181;153;229;148;271;138;310;118;272;112;231;111;183;113;133;121
187;77;135;138;158;183;162;244;161;280;147;299;113;259;108;216;109;165;112;120;122
188;81;141;120;163;166;174;215;173;264;157;295;114;259;109;213;112;172;112;122;121
189;77;142;115;166;169;178;224;171;263;154;296;118;246;114;195;114;141;121;104;130
190;67;141;112;170;169;178;219;176;270;156;300;115;259;108;215;109;160;114;107;127
191;67;141;112;170;162;177;220;177;263;158;298;117;251;110;206;111;163;114;107;123
192;71;139;111;171;162;180;214;178;259;157;289;121;242;112;200;113;153;116;109;128
193;71;146;118;171;173;179;231;176;272;153;298;114;254;112;196;110;161;116;116;128
194;70;143;110;166;162;179;224;177;265;157;292;120;254;111;200;114;154;115;112;125
195;88;130;129;149;173;165;214;171;271;155;308;117;264;114;216;113;157;116;122;121
196;81;127;130;134;187;137;232;135;268;126;307;114;273;111;236;111;183;111;142;118
197;77;133;121;144;166;155;222;156;269;145;305;123;267;116;227;116;187;119;141;123
198;81;137;121;163;174;168;226;168;267;159;298;121;266;113;223;113;175;114;130;122
199;81;141;116;169;175;177;232;175;274;153;298;114;248;112;201;114;159;117;120;127
200;78;142;113;170;160;177;206;175;264;156;292;116;258;114;204;113;158;116;115;127
201;64;111;124;121;199;125;254;126;301;117;335;103;292;86;241;80;179;90;126;101
202;57;104;85;154;132;185;196;197;247;174;307;118;261;112;218;112;165;111;112;110
203;57;110;84;154;133;183;192;200;250;171;304;116;259;114;207;115;143;112;92;110
204;53;104;85;153;142;190;223;192;267;160;305;115;262;113;209;113;145;113;99;109
205;65;104;90;151;135;187;203;196;249;166;292;115;248;117;201;117;154;115;98;106
206;61;69;120;98;173;116;224;120;259;114;298;98;255;96;209;94;168;89;114;79
207;58;70;113;90;166;108;217;114;259;111;306;102;262;99;212;98;166;91;114;82
208;60;86;96;121;140;142;190;153;241;142;291;104;252;103;202;99;154;98;106;94
209;70;93;111;135;161;164;212;171;258;145;295;108;246;106;199;103;157;101;112;96
210;66;96;102;137;151;172;223;174;267;148;301;108;261;108;213;107;159;106;109;100
211;57;100;84;142;130;178;196;191;261;160;305;110;257;108;206;107;168;106;100;101
212;57;100;87;145;128;174;194;191;254;167;305;111;257;107;206;109;155;106;104;102
213;59;101;106;156;166;189;232;184;274;147;304;110;257;109;202;107;149;105;102;106
214;59;103;98;157;145;185;216;191;262;156;305;114;261;109;208;107;159;107;101;103
215;62;80;98;118;140;147;192;163;256;147;291;106;248;105;194;100;141;90;103;85
216;63;59;119;78;185;94;234;100;266;100;314;94;252;89;202;84;151;77;111;69
217;63;72;110;97;161;118;210;124;255;118;295;99;246;98;198;95;162;93;112;85
218;53;84;90;117;135;143;208;156;259;135;296;106;250;104;197;100;146;96;96;91
219;60;94;101;130;154;164;220;170;266;143;301;107;262;107;210;106;161;104;111;98
220;59;102;93;152;141;187;202;194;260;158;305;112;255;111;188;111;137;108;92;106
221;55;102;85;143;126;180;207;193;257;159;300;117;256;111;197;111;145;110;88;106
222;59;104;96;156;157;192;228;187;271;150;298;116;256;112;192;113;132;109;88;104
223;59;105;96;158;155;193;217;191;263;156;306;113;260;113;217;113;160;111;109;109
224;59;104;94;157;157;193;219;189;271;152;301;113;249;114;196;113;143;111;99;107
225;55;107;90;150;147;187;210;192;254;170;300;116;259;116;206;116;153;114;105;111
226;82;129;115;163;160;184;213;188;253;165;286;129;251;133;216;137;170;137;127;135
227;68;117;104;155;159;186;215;189;261;158;296;122;255;122;208;127;158;125;115;123
228;67;116;104;155;155;185;218;188;256;161;296;121;258;123;202;126;153;124;104;119
229;67;114;109;158;161;189;224;190;263;159;302;115;254;122;197;125;147;124;106;118
230;69;117;99;149;146;182;206;191;258;163;295;125;249;126;193;129;144;126;103;121
231;70;118;103;157;153;185;214;189;256;164;294;119;249;123;198;127;149;126;109;122
232;73;118;107;159;161;189;219;186;258;159;290;123;249;124;203;129;157;127;118;123
233;63;112;90;159;150;190;217;190;259;159;294;121;250;121;200;124;138;122;97;117
234;62;112;93;156;143;188;212;192;258;157;296;117;246;116;204;121;142;119;101;118
235;60;111;96;161;153;192;222;193;263;159;294;122;257;121;209;121;153;118;95;115
236;65;72;122;99;185;121;237;117;272;108;302;98;262;101;219;98;170;97;113;85
237;75;79;109;91;157;106;209;116;250;113;296;102;255;92;195;92;149;87;104;82
238;71;89;116;122;167;142;220;144;262;123;293;103;260;101;217;100;173;96;122;91
239;72;91;115;127;160;153;222;159;268;133;294;107;259;105;212;104;165;102;122;98
240;69;98;113;139;167;166;224;168;265;140;293;109;251;107;202;105;161;104;108;101
241;71;100;115;148;174;175;232;169;273;140;302;109;258;106;209;105;156;104;113;102
242;62;99;95;148;146;181;210;188;263;155;297;111;253;106;200;104;159;104;106;102
243;58;102;95;151;156;191;228;184;269;156;297;111;263;105;213;105;167;104;112;102
244;61;100;90;149;148;183;221;184;266;150;302;108;263;107;212;107;155;103;108;102
245;64;96;96;146;148;184;215;185;257;154;294;111;256;105;196;103;151;100;100;95
246;68;65;118;90;167;112;218;117;264;106;300;94;268;87;220;84;176;84;109;68
247;74;50;137;63;183;74;235;81;269;83;312;82;274;73;229;67;184;66;118;55
248;79;61;123;78;176;100;222;111;272;106;311;88;263;80;220;71;180;67;129;67
249;51;97;91;156;145;189;217;194;264;159;311;111;259;107;197;105;143;104;95;103
250;54;102;87;156;149;190;222;190;271;154;302;113;259;105;214;106;170;105;107;102
251;54;100;79;147;127;183;187;197;253;170;306;114;263;108;197;106;151;106;97;104
252;65;103;111;152;166;180;223;179;274;140;306;109;265;110;211;108;161;108;115;106
253;65;108;110;155;168;185;222;177;269;148;301;113;257;109;194;110;149;110;107;108
254;65;109;103;157;157;186;223;185;269;147;295;117;256;114;209;114;159;111;108;109
255;67;124;103;160;145;188;203;197;249;172;290;130;251;131;209;132;165;134;118;130
256;67;123;106;163;152;190;216;191;260;161;293;124;253;127;207;131;159;133;113;129
257;72;125;112;166;164;197;217;189;256;164;295;126;250;127;195;130;144;132;102;128
258;62;41;124;38;185;47;239;57;275;67;317;72;278;55;228;42;175;35;112;30
259;86;34;150;39;199;49;239;59;269;66;313;76;282;60;234;51;178;41;132;32
260;72;96;104;118;149;141;201;147;250;129;287;111;244;107;198;103;161;99;112;97
261;64;108;99;158;149;184;218;185;263;158;297;120;262;117;222;117;158;119;102;112
262;67;110;100;153;155;188;227;185;266;153;294;116;252;115;209;117;162;117;111;115
263;63;90;102;137;160;167;230;166;270;138;297;102;251;92;198;90;162;89;107;92
264;62;91;101;139;153;165;225;169;271;140;297;104;250;95;195;91;158;91;107;90
265;60;90;115;151;188;176;247;159;279;132;308;100;260;96;206;93;160;92;110;92
266;61;93;99;138;151;168;232;171;276;140;304;104;247;95;194;93;155;92;108;92
267;64;90;99;130;144;161;197;174;245;156;304;100;253;97;206;92;161;93;107;91
268;62;88;117;124;178;152;239;156;286;137;303;95;272;84;228;84;163;83;117;85
269;66;89;131;135;202;157;252;155;287;132;302;99;264;83;213;83;169;84;115;88
270;68;89;130;129;191;154;243;157;287;134;298;96;267;83;225;81;175;82;120;85
271;66;89;122;125;177;150;232;157;278;140;297;98;265;83;215;81;170;82;119;87
272;63;86;108;121;168;145;220;157;269;144;299;100;266;84;208;80;167;81;114;84
273;69;82;119;119;168;140;234;149;275;131;296;94;269;83;225;76;179;76;127;78
274;60;62;106;99;152;117;209;124;259;116;301;85;254;69;201;59;156;55;110;58
275;59;65;107;100;162;122;224;125;269;112;307;83;256;74;209;61;169;60;111;57
276;61;68;103;97;155;123;209;125;259;119;306;84;269;75;220;63;171;55;110;58
277;65;65;107;100;155;120;213;124;263;113;301;86;258;73;217;60;162;56;114;57
278;62;66;109;101;165;124;229;128;279;109;304;85;266;72;218;60;160;56;111;58
279;73;74;113;103;165;133;220;137;272;128;301;86;271;73;216;65;174;65;129;69
280;77;46;119;62;172;83;209;98;255;97;307;81;275;73;227;66;179;56;120;49
281;62;51;123;59;186;68;234;76;270;81;319;84;275;68;222;52;159;50;110;49
282;69;84;115;113;168;135;218;149;258;135;295;97;259;99;208;98;163;96;115;90
283;66;91;108;137;159;170;215;182;267;151;306;104;268;103;219;102;165;99;115;97
284;59;93;96;141;159;174;226;177;270;148;309;98;266;94;207;91;164;90;106;91
285;58;94;98;140;146;173;213;179;268;149;303;102;265;93;196;89;149;91;103;91
286;55;102;92;160;162;188;233;188;275;151;301;111;251;105;192;107;146;105;98;103
287;53;99;90;152;161;188;228;188;273;149;300;112;266;107;203;105;153;104;104;105
288;57;105;92;158;148;191;222;197;268;157;297;119;251;114;191;116;146;112;93;113
289;55;106;84;151;134;187;219;195;270;156;305;115;251;113;187;113;142;111;98;108
290;57;110;93;159;143;192;206;197;255;172;305;116;253;116;203;116;149;112;102;109
291;59;99;100;138;152;171;215;180;265;151;301;106;254;99;199;97;154;98;105;98
292;61;89;102;125;161;157;229;160;275;133;304;100;257;92;188;91;153;88;101;88
293;62;88;104;128;169;161;238;158;271;136;303;101;265;90;219;87;155;85;113;84
294;55;103;87;151;133;184;206;198;255;169;304;118;255;110;206;110;151;110;105;109
295;55;101;89;150;139;187;214;196;265;161;308;116;256;111;190;111;151;109;103;107
296;57;89;91;128;142;161;193;173;253;155;302;99;257;90;213;85;158;82;108;85
297;55;84;91;131;140;161;199;175;262;150;294;105;252;89;208;86;158;85;96;85
298;53;86;97;133;154;164;222;171;267;146;306;103;269;91;219;83;176;82;119;85
299;51;86;97;136;154;164;226;172;266;146;297;104;260;89;209;86;154;83;120;85
300;54;86;92;129;147;160;204;175;261;150;297;104;250;90;190;86;143;84;100;84
301;56;86;94;135;146;163;216;173;263;146;305;103;253;88;192;84;145;84;107;86
302;96;120;143;154;201;177;251;182;306;159;331;128;291;105;252;97;205;96;155;108
303;111;119;154;157;209;179;258;180;302;161;326;127;287;106;243;98;187;103;144;107
304;112;118;142;155;201;177;251;182;305;161;334;131;302;110;257;99;207;98;158;106
305;112;122;152;161;206;181;260;181;302;160;330;127;293;107;242;99;192;99;152;109
306;115;118;152;157;198;180;261;183;304;162;332;130;301;110;252;96;207;97;156;106
307;114;117;153;161;208;179;273;180;307;158;331;127;305;108;258;98;218;95;164;104
308;120;115;148;149;194;171;244;174;288;163;326;126;286;110;242;100;202;99;161;103
309;124;103;170;118;213;131;256;135;290;131;316;120;292;109;253;102;211;98;163;98
310;115;104;155;120;202;137;237;143;274;138;316;120;285;108;247;100;208;98;165;100
311;113;112;152;138;195;155;252;160;293;153;330;122;302;103;255;94;205;92;159;101
312;110;116;146;146;203;164;255;171;296;155;331;124;292;105;249;97;205;96;156;102
313;110;117;143;154;186;172;243;182;300;163;328;127;291;106;248;97;200;97;152;105
314;113;117;156;162;205;180;266;179;309;157;322;125;287;106;243;99;193;99;149;106
315;113;120;152;157;202;180;254;182;302;163;329;130;293;107;243;96;199;96;154;109
316;122;115;160;144;206;167;257;174;294;150;321;125;288;110;237;102;199;103;160;106
317;135;101;186;113;229;126;264;127;295;127;331;123;302;113;258;105;219;102;175;102
318;134;101;170;115;203;126;244;133;290;131;328;129;292;110;252;101;210;97;174;102
319;124;113;164;141;204;151;252;157;293;148;330;122;296;107;260;98;222;96;173;100
320;111;117;144;153;189;173;254;181;299;163;332;128;294;108;235;98;192;98;151;107
321;111;118;154;159;216;179;279;177;316;152;335;125;307;106;260;96;220;95;162;104
322;113;120;154;158;203;175;249;181;297;163;324;130;294;105;252;98;208;98;158;108
323;128;105;177;121;225;131;286;142;310;145;340;122;317;107;274;96;226;96;173;102
324;123;110;170;131;224;152;262;152;308;155;340;130;334;107;289;94;249;94;179;102
325;133;117;186;142;234;157;280;160;319;156;344;131;328;106;284;95;234;94;181;100
326;108;119;163;150;212;169;254;175;308;165;335;127;309;99;265;90;221;90;168;99
327;110;116;158;153;217;169;264;174;312;164;332;129;307;99;263;90;213;88;165;102
328;100;109;152;155;218;166;271;168;310;153;338;121;296;100;242;88;189;84;142;91
329;108;109;148;150;199;167;250;168;291;160;337;128;300;101;245;88;197;85;152;93
330;104;112;147;148;201;168;258;168;301;154;332;128;303;104;260;90;218;84;158;91
331;104;109;146;150;196;168;248;167;297;158;340;123;300;104;258;88;208;86;149;94
332;107;108;149;146;208;167;265;167;309;151;338;129;306;102;264;89;218;83;161;92
333;107;125;166;166;226;179;282;184;318;163;341;132;316;111;261;101;212;101;156;114
334;108;123;147;158;199;180;256;186;306;176;338;137;315;111;262;100;212;100;161;108
335;110;124;158;166;228;182;285;183;315;163;333;131;314;109;280;97;226;98;168;106
336;107;123;156;160;209;184;268;187;309;170;332;136;319;112;281;97;221;96;164;106
337;111;109;164;137;221;151;272;155;314;147;338;119;315;95;270;81;222;76;168;86
338;120;102;166;118;213;136;264;139;295;134;330;125;310;106;279;92;238;83;172;87
339;128;94;178;106;227;114;266;118;301;120;332;122;302;106;258;94;209;91;159;92
340;121;103;173;119;225;133;263;136;297;135;331;122;299;103;264;94;211;91;161;96
341;118;109;160;140;218;159;269;159;301;144;333;117;297;101;248;89;202;91;159;98
342;112;109;150;141;197;161;255;167;299;155;332;121;290;102;248;91;202;91;155;99
343;118;116;156;154;209;173;263;176;308;159;334;125;300;101;253;90;205;91;157;98
344;121;107;157;134;193;152;250;159;292;148;320;120;287;102;239;95;201;94;157;98
345;132;102;183;117;226;128;264;132;295;130;323;122;298;108;258;97;215;95;169;95
346;124;107;168;126;210;140;256;141;289;137;327;116;298;105;250;93;204;91;163;97
347;114;110;153;137;211;154;251;161;297;151;327;122;294;105;252;91;198;92;162;97
348;114;113;155;149;219;167;268;168;306;153;322;122;287;103;236;91;192;95;153;102
349;111;117;149;153;194;174;249;181;297;165;330;125;293;107;245;102;202;101;158;108
350;112;119;144;155;196;176;245;183;288;171;328;128;301;110;239;100;200;101;157;111
351;117;121;155;157;222;182;275;177;313;154;327;128;285;108;237;101;189;102;154;109
352;119;113;159;137;202;152;256;160;305;147;326;118;296;97;245;87;207;89;163;99
353;123;110;168;142;232;159;270;159;306;147;330;119;296;98;261;88;210;87;170;97
354;125;106;177;131;230;146;274;150;310;146;334;109;304;86;260;69;214;75;170;86
355;131;107;173;123;230;134;271;138;305;139;324;112;302;99;268;87;227;86;176;92
356;120;110;156;138;204;153;255;157;291;150;325;117;291;99;247;86;203;87;160;94
357;112;112;147;142;197;159;249;166;301;151;330;121;299;99;254;88;210;89;162;97
358;116;115;158;150;216;163;273;165;315;145;330;117;300;100;247;87;199;87;156;98
359;115;116;153;145;210;166;265;170;302;153;326;124;300;104;266;93;213;89;158;99
360;113;119;156;156;211;172;263;178;300;160;328;124;292;105;251;99;202;99;155;104
361;121;140;168;166;217;182;272;177;300;164;323;132;292;129;262;127;212;130;164;136
362;133;148;184;170;231;180;269;179;299;164;324;139;295;136;260;136;225;138;171;144
363;144;159;197;176;238;184;269;179;296;166;320;148;292;146;247;153;207;154;174;156
364;152;162;189;177;239;186;277;178;296;168;320;150;293;150;261;152;224;156;183;159
365;150;164;194;179;238;186;277;179;294;165;316;149;285;151;240;155;216;158;176;161
366;114;123;149;149;189;163;248;172;296;161;329;124;294;110;250;105;208;107;159;114
367;116;125;157;152;205;167;257;171;300;156;326;122;295;111;252;106;212;108;171;115
368;115;123;152;158;195;174;252;183;302;163;332;125;296;101;253;95;200;97;158;105
369;114;120;145;153;188;176;247;186;296;169;330;126;293;101;244;95;191;97;151;106
370;115;119;153;156;204;178;262;183;302;163;326;128;288;100;237;94;191;98;151;109
371;127;112;168;140;219;163;259;164;300;148;321;120;286;106;244;100;204;100;165;104
372;129;106;171;115;215;128;259;135;295;141;328;132;310;112;273;104;219;99;174;100
373;128;111;165;136;212;151;260;156;296;151;337;124;304;107;264;96;223;96;167;103
374;113;109;155;145;207;164;260;168;305;153;331;118;294;100;249;89;207;89;163;97
375;112;111;154;147;204;167;264;170;303;152;331;121;306;101;259;90;210;87;161;96
376;119;108;152;134;187;156;247;164;288;155;320;121;292;104;250;97;215;92;167;97
377;123;96;176;114;225;126;264;131;299;126;324;115;301;105;264;97;215;91;167;91
378;128;99;168;114;207;121;245;129;276;129;318;121;307;103;261;95;222;90;176;92
379;119;110;161;133;209;148;251;153;304;143;333;116;304;100;259;88;219;87;166;93
380;131;101;176;113;230;125;272;133;307;136;342;119;318;93;279;74;228;67;170;78
381;127;100;182;117;225;127;264;134;310;137;339;114;309;91;276;74;225;69;180;78
382;139;98;193;116;235;130;286;137;318;136;337;116;317;93;283;76;243;68;190;76
383;136;97;185;116;232;129;274;137;304;137;335;129;330;96;297;81;242;67;190;74
384;130;99;171;117;217;128;260;138;299;140;335;130;319;97;282;76;236;70;176;79
385;130;98;182;118;223;132;275;136;303;138;335;132;325;107;288;79;237;71;183;77
386;132;93;177;110;232;125;272;132;299;136;331;137;317;107;284;81;232;75;180;80
387;142;91;187;103;231;114;270;117;299;119;332;123;302;106;262;93;220;90;175;90
388;141;96;186;105;226;109;266;118;291;118;326;120;299;102;257;95;223;94;175;94
389;128;105;178;120;225;134;264;140;299;139;332;140;319;117;271;98;213;97;166;100
390;124;115;169;140;215;156;267;161;305;147;327;122;306;105;260;96;217;97;170;103
391;127;108;167;132;217;146;264;149;296;138;316;117;283;103;244;97;204;96;160;102
392;133;105;178;121;213;131;248;134;277;138;321;132;304;111;264;101;226;99;181;99
393;150;102;198;116;234;121;266;125;300;127;324;128;300;108;258;101;212;97;178;98
394;146;100;192;109;234;115;264;120;289;123;324;125;296;110;257;109;210;101;181;102
395;155;100;197;105;236;115;272;119;295;126;324;128;302;116;260;112;219;105;182;104
396;152;101;192;112;221;117;247;120;280;122;314;125;289;111;255;109;222;106;183;104
397;154;98;193;112;222;121;258;124;289;124;316;123;289;106;256;101;222;93;183;98
398;135;109;174;124;213;136;266;142;304;138;326;122;297;106;252;92;209;91;174;94
399;102;110;146;147;197;165;253;166;298;158;333;121;290;98;236;84;186;84;145;95
400;103;111;149;149;204;169;259;168;299;157;327;120;286;96;243;87;194;82;152;92
401;116;116;143;147;201;163;252;166;299;160;326;120;294;99;249;88;199;83;145;91
402;57;81;90;128;142;155;195;159;254;135;281;85;243;58;195;42;140;40;99;49
403;51;80;75;117;116;146;176;160;234;148;281;91;234;56;182;36;127;38;76;58
404;49;75;83;128;141;154;198;162;248;134;281;83;233;56;186;39;140;38;92;52
405;57;76;96;115;147;141;216;152;254;125;281;86;224;60;186;51;150;49;102;59
406;64;75;95;106;149;129;202;135;251;121;279;84;242;65;207;53;151;48;102;56
407;58;78;96;119;156;142;211;147;254;122;279;84;238;61;191;45;143;43;106;57
408;56;90;92;132;145;161;208;164;253;139;278;96;244;78;201;66;150;66;103;77
409;54;94;95;136;149;160;201;165;251;139;274;95;234;73;182;64;142;67;93;80
410;60;96;93;135;145;162;205;164;249;142;282;98;242;77;188;64;138;64;95;79
411;59;96;104;141;150;163;217;161;259;129;280;91;243;73;192;60;144;65;92;77
412;57;94;100;141;147;160;215;161;255;136;276;98;239;73;186;64;150;65;104;75
413;80;78;126;100;179;120;224;123;256;114;284;87;246;74;200;60;152;60;117;65
414;76;48;133;52;181;66;225;75;272;85;312;84;267;71;221;61;173;52;127;45
415;90;47;132;55;173;64;205;73;247;80;289;82;263;74;227;65;192;59;159;55
416;78;67;121;89;168;105;218;111;253;106;282;87;263;82;227;70;187;61;131;63
417;71;84;111;110;163;131;215;130;249;120;281;87;241;77;200;65;148;64;113;70
418;64;85;102;115;152;135;204;142;253;125;270;92;228;73;186;61;145;65;103;72
419;65;88;108;124;159;148;214;152;255;128;277;93;238;75;188;61;146;62;110;71
420;62;91;98;137;163;161;219;158;257;131;274;98;238;80;199;68;160;67;113;73
421;58;90;89;128;135;154;193;163;238;146;271;96;229;77;181;66;143;70;94;77
422;60;92;98;133;153;158;209;161;252;137;273;98;236;77;190;66;151;67;106;75
423;53;93;94;137;143;158;216;164;256;140;273;98;239;75;192;65;149;67;107;78
424;55;94;106;141;156;162;210;164;255;141;275;95;242;74;203;65;154;65;99;76
425;60;94;91;135;143;158;201;165;250;145;275;98;245;74;202;63;150;64;106;74
426;50;93;91;137;150;165;213;165;254;137;275;96;242;77;189;65;142;64;100;75
427;59;91;95;133;140;155;196;166;250;147;276;94;236;69;189;66;142;68;101;79
428;55;93;98;135;144;159;209;165;260;142;286;95;245;72;186;61;142;64;95;78
429;57;93;95;137;152;161;217;164;264;137;280;97;240;71;197;61;152;63;104;73
430;55;93;81;130;137;158;210;166;259;140;279;95;252;72;209;62;150;65;104;72
431;51;90;91;139;170;162;238;159;274;124;283;91;239;70;184;62;137;65;100;75
432;52;91;92;135;147;158;205;163;260;143;282;95;244;69;187;60;141;62;98;76
433;65;85;103;119;154;145;206;156;248;139;277;91;249;80;200;69;148;63;108;71
434;77;73;116;102;160;118;205;118;242;114;288;95;255;79;205;69;153;64;110;68
435;65;82;109;111;147;132;204;134;252;130;284;93;246;75;205;68;156;68;107;70
436;68;87;93;116;141;138;186;150;242;134;277;95;233;78;189;70;148;71;114;76
437;50;88;79;125;130;152;189;164;238;150;289;92;241;72;190;56;135;56;95;66
438;59;75;102;114;155;146;218;150;252;120;280;88;239;71;192;56;147;56;105;63
439;71;63;129;96;185;111;216;110;251;103;289;83;249;71;213;58;168;54;119;58
440;73;71;115;95;165;111;207;113;246;110;281;85;250;73;217;64;182;58;135;58
441;72;80;115;112;160;129;204;132;254;117;278;86;241;73;196;61;160;61;109;67
442;61;87;109;126;156;145;209;146;254;124;277;88;240;73;196;62;147;62;110;69
443;60;90;95;131;150;152;217;152;254;128;276;91;236;72;195;63;156;61;103;71
444;60;86;93;129;143;155;207;158;245;138;273;98;240;75;195;62;151;61;111;70
445;61;88;96;130;153;158;209;161;251;132;272;97;232;75;188;61;146;62;107;70
446;69;60;115;93;164;114;225;120;263;106;281;75;246;48;201;27;145;27;106;37
447;68;63;111;95;165;114;213;120;253;108;276;78;248;50;202;28;151;26;108;40
448;75;60;126;87;185;104;235;107;270;97;286;71;256;45;206;25;156;25;107;43
449;80;51;117;75;166;94;209;103;263;96;289;70;252;50;215;28;164;17;113;27
450;69;52;116;80;167;94;215;102;261;98;290;69;254;52;211;28;161;19;114;28
451;70;52;113;82;167;95;226;105;260;98;283;71;248;46;212;26;158;20;103;33
452;60;93;100;138;151;159;189;163;239;149;279;99;242;86;192;76;150;79;105;84
453;60;95;95;131;142;156;196;164;243;146;278;101;239;86;192;77;151;78;107;84
454;80;85;118;111;162;133;203;143;239;141;276;99;239;83;197;75;161;74;115;78
455;91;59;138;72;186;76;229;85;255;90;282;88;255;78;217;70;172;68;117;62
456;97;62;138;71;177;81;213;87;248;91;275;88;246;83;213;78;180;75;141;69
457;78;90;125;118;175;127;216;128;249;120;275;96;234;88;193;79;145;77;106;82
458;64;93;103;121;148;144;207;149;252;134;278;101;231;86;183;81;138;84;100;90
459;63;100;94;129;150;155;201;162;250;142;274;106;233;89;186;85;142;86;102;91
460;55;104;94;135;149;163;212;164;254;140;277;106;238;92;184;87;140;87;104;93
461;58;100;92;140;141;163;198;169;243;151;278;103;244;95;194;89;143;86;99;94
462;53;84;86;132;132;157;199;165;249;139;281;92;237;69;189;52;140;51;91;58
463;54;86;88;140;144;162;204;167;247;142;275;96;247;72;201;55;142;50;98;60
464;46;84;84;135;146;163;203;166;252;139;277;96;242;68;188;50;143;50;91;56
465;52;76;86;117;141;143;208;150;259;128;281;83;244;53;198;40;145;40;99;52
466;74;61;120;86;183;108;227;111;262;104;287;80;256;66;214;52;162;44;117;53
467;53;76;94;122;152;145;211;152;259;136;286;81;256;59;211;39;157;39;99;52
468;50;75;93;125;158;146;215;151;258;135;283;87;243;51;187;39;134;41;83;60
469;66;64;110;88;153;107;204;115;252;110;285;79;237;60;192;47;143;47;103;56
470;59;70;100;104;145;125;202;132;254;121;282;82;248;65;208;48;161;43;109;51
471;55;72;95;107;146;134;208;144;258;121;281;82;241;60;189;43;147;42;105;52
472;49;77;85;122;133;149;195;157;246;133;277;92;230;60;175;45;131;46;86;60
473;75;66;121;100;167;129;219;131;259;111;283;79;238;62;189;44;145;44;110;54
474;90;29;150;41;202;55;245;68;274;74;310;75;272;66;233;55;196;43;144;36
475;88;34;126;41;172;52;214;64;253;70;298;76;257;64;216;53;175;46;129;39
476;88;60;127;83;179;101;220;106;261;99;284;75;244;60;202;47;162;42;124;44
477;65;71;113;106;168;127;213;133;254;114;279;80;241;63;193;45;147;41;109;49
478;59;77;97;118;143;141;205;148;248;132;280;86;236;62;178;44;133;44;93;59
479;49;79;99;128;156;150;220;153;265;125;283;86;242;58;191;43;150;43;102;55
480;50;78;101;122;164;152;224;154;266;124;278;87;254;61;205;43;153;40;105;52
481;47;80;92;123;157;147;208;152;253;130;277;89;244;56;203;40;152;38;105;49
482;46;73;86;123;150;153;208;154;251;129;276;84;235;55;191;40;135;36;96;49
483;50;75;85;122;138;149;194;159;242;139;282;86;245;60;195;41;149;36;99;47
484;55;76;90;124;134;149;193;160;247;140;284;84;245;58;192;40;139;39;85;52
485;53;69;87;101;130;125;184;137;237;130;282;78;243;57;196;39;144;37;97;47
486;51;72;90;112;150;138;213;144;257;120;279;78;235;53;185;36;135;34;97;50
487;47;75;94;120;153;146;210;149;248;127;281;84;240;58;196;38;142;35;90;52
488;55;65;94;98;153;122;212;131;258;117;288;72;251;46;202;25;153;24;100;40
489;55;66;117;109;174;127;225;130;264;117;286;77;249;47;196;24;155;24;108;39
490;55;67;105;103;167;126;224;131;262;115;277;78;243;44;193;27;141;28;100;42
491;54;65;95;99;146;115;213;124;253;114;276;71;232;39;185;18;142;17;95;38
492;55;59;105;99;163;119;219;121;257;101;282;72;251;50;215;25;165;15;111;28
493;58;62;100;98;156;119;216;122;254;109;280;72;245;44;204;23;148;19;106;32
494;51;85;95;142;155;168;217;162;260;134;280;91;240;65;193;52;137;50;91;62
495;52;88;84;137;136;162;213;164;254;140;279;92;231;65;179;50;132;52;91;62
496;48;78;75;124;131;157;205;163;249;142;282;88;242;59;196;42;135;37;94;52
497;49;80;83;133;148;161;213;161;255;134;278;88;242;59;196;45;134;43;88;55
498;49;79;79;130;140;162;211;163;254;135;279;88;237;62;188;44;129;41;82;56
499;49;77;75;124;130;152;206;164;248;139;276;93;239;60;178;43;130;42;85;55
500;67;63;105;90;153;112;208;122;250;111;281;86;254;67;212;52;170;45;123;50
501;73;62;117;85;167;104;218;110;257;104;285;79;249;64;209;50;163;41;118;49
502;31;144;75;195;129;213;196;212;240;183;296;114;252;115;192;119;139;121;82;129
503;34;138;63;181;108;208;193;211;254;171;293;114;240;115;174;118;127;122;69;127
504;38;141;72;191;149;216;234;190;270;153;295;116;252;117;187;119;133;121;72;127
505;48;111;98;132;146;142;200;144;240;134;284;107;244;108;192;110;139;112;93;112
506;53;129;101;154;154;165;214;167;260;142;300;107;240;117;188;119;133;119;84;120
507;47;134;84;158;143;178;206;178;252;152;289;114;221;124;164;124;130;123;75;124
508;59;123;99;159;162;180;207;173;251;149;288;115;247;120;203;122;156;122;101;121
509;64;107;103;118;146;128;190;130;238;121;288;107;247;107;205;110;160;109;107;106
510;58;93;101;101;152;105;197;108;239;104;291;98;261;95;218;98;161;100;102;97
511;53;112;97;131;150;144;215;147;251;135;287;113;244;115;189;117;142;118;95;117
512;41;128;75;153;131;173;190;177;236;158;278;119;242;121;185;123;132;125;81;123
513;40;145;88;176;139;188;209;184;251;152;283;116;216;119;171;124;126;127;76;131
514;39;143;75;166;125;192;195;198;248;168;278;120;232;120;175;124;128;127;84;131
515;45;161;94;196;154;213;216;202;252;174;280;136;225;140;175;147;131;151;81;153
516;46;161;92;191;147;209;210;204;251;175;281;131;221;143;165;146;118;147;68;153
517;47;154;92;184;156;205;219;194;254;162;287;122;243;129;201;137;147;140;98;144
518;52;154;94;185;164;206;220;194;253;162;281;122;235;132;177;139;135;142;85;145
519;38;135;63;168;115;196;174;205;237;179;285;119;246;124;189;131;133;131;76;130
520;43;143;78;185;158;208;225;192;259;159;286;118;237;125;185;134;137;136;88;136
521;35;135;77;180;136;204;218;197;260;158;289;112;242;112;179;114;126;117;68;125
522;32;138;76;182;140;209;213;201;261;163;288;116;246;116;187;118;130;119;72;127
523;46;95;108;99;158;103;204;107;246;102;290;100;251;95;195;96;141;95;80;94
524;39;120;102;138;156;147;206;147;245;139;284;118;239;118;188;117;145;116;82;116
525;38;140;82;165;135;184;196;186;247;158;273;123;230;125;180;122;132;121;75;129
526;40;149;86;175;137;189;186;191;234;165;273;127;227;129;168;129;119;132;74;134
527;49;148;87;179;144;196;209;194;246;163;282;127;242;128;185;130;138;133;86;135
528;42;148;100;186;166;202;217;191;256;161;278;127;231;125;180;127;133;130;74;133
529;51;121;102;135;164;150;211;154;259;137;295;96;262;92;206;94;142;96;93;105
530;49;122;98;147;154;159;228;154;264;132;293;102;250;101;192;100;132;101;83;109
531;44;129;98;150;158;164;212;165;256;139;283;103;238;101;189;101;133;105;73;112
532;42;131;92;148;143;164;209;166;253;143;282;101;234;100;181;101;137;102;77;114
533;47;143;90;173;141;191;194;194;237;162;275;125;232;124;186;125;128;125;83;135
534;34;130;65;170;123;201;189;212;240;178;289;121;240;118;184;116;132;116;83;118
535;42;78;91;81;153;86;200;89;249;90;285;89;245;77;206;78;153;77;93;74
536;46;100;79;108;129;118;168;124;221;121;267;108;224;96;176;97;131;96;78;99
537;36;140;83;163;142;181;195;183;241;164;288;121;246;114;191;114;142;116;86;121
538;36;149;85;186;128;203;195;203;240;172;283;120;242;119;183;122;132;121;79;129
539;43;151;70;188;131;213;197;214;245;181;287;124;236;124;184;130;135;132;84;136
540;44;132;85;159;143;176;212;178;253;152;284;109;244;106;193;106;145;109;88;115
541;44;135;85;165;163;184;222;178;259;149;285;113;246;112;193;112;138;115;82;120
542;43;135;87;165;143;184;216;184;252;152;278;116;242;111;177;114;135;116;86;121
543;40;139;69;170;115;195;183;201;249;167;284;119;242;118;183;121;130;125;76;127
544;40;139;80;177;131;199;209;198;253;165;286;119;240;117;189;120;124;121;78;126
545;42;140;85;176;141;199;214;196;255;160;288;116;238;117;183;120;140;123;90;130
546;40;137;71;168;131;194;213;187;255;160;291;122;239;123;185;127;129;128;77;131
547;39;139;83;178;131;198;202;200;249;168;279;125;232;125;185;129;131;130;82;132
548;33;122;68;153;120;173;188;179;237;159;280;107;245;102;186;102;140;105;85;110
549;34;127;82;162;145;182;214;175;255;144;284;104;235;103;176;103;127;106;74;114
550;34;128;82;158;150;182;209;175;249;152;282;107;234;108;191;105;134;108;74;116
551;50;151;83;189;138;212;212;210;256;170;285;127;247;127;182;130;135;131;82;138
552;45;151;74;189;136;211;200;210;251;172;283;127;239;130;176;131;127;134;80;135
553;50;166;103;194;161;208;210;199;248;171;277;133;234;144;180;153;135;159;85;159
554;61;165;103;190;145;204;190;204;235;182;263;138;223;146;174;156;139;158;97;159
555;70;159;101;185;155;203;202;198;233;178;254;140;225;143;183;152;150;155;104;159
556;46;136;91;143;140;150;185;152;218;146;251;136;219;130;166;130;124;131;85;133
557;47;144;85;156;133;165;174;169;204;166;255;151;211;146;161;143;111;144;71;146
558;54;153;93;170;131;188;170;194;205;180;238;152;210;147;168;149;122;151;89;151
559;63;159;92;183;150;204;202;201;237;174;270;141;234;140;196;146;163;151;103;155
560;37;148;63;173;113;195;174;206;232;182;276;127;225;132;175;140;132;142;72;146
561;39;152;69;181;116;196;191;201;242;174;276;129;240;133;190;136;138;142;85;145
562;24;129;57;172;122;201;212;196;257;166;292;111;234;119;171;120;131;121;70;125
563;33;135;69;171;122;197;186;204;249;172;283;121;229;122;173;125;126;126;71;132
564;43;151;90;187;156;206;215;201;256;166;283;121;243;122;181;124;139;125;79;133
565;45;155;98;193;161;208;221;196;257;167;284;124;253;129;184;132;134;134;77;140
566;39;135;82;161;146;177;199;176;244;153;283;109;240;108;184;111;136;114;79;121
567;41;135;76;160;138;177;210;178;255;149;291;105;241;106;182;109;128;110;75;120
568;47;155;82;190;137;210;207;206;251;170;283;125;244;128;183;130;137;136;82;145
569;42;152;92;194;151;214;209;207;250;170;284;125;237;126;182;129;131;131;81;138
570;49;152;84;189;131;207;212;203;256;165;283;125;244;125;189;130;128;130;87;134
571;41;157;82;191;136;212;192;213;245;185;286;126;226;127;169;132;115;135;70;143
572;41;158;82;192;148;215;218;206;260;168;287;127;243;127;181;131;121;138;67;144
573;41;144;89;172;158;193;210;183;251;160;290;123;250;124;200;126;143;132;81;139
574;49;144;98;174;159;187;219;180;260;150;294;119;239;123;180;130;135;132;79;137
575;41;145;87;177;151;196;212;186;250;158;286;124;229;129;175;133;127;139;76;141
576;47;112;88;125;138;133;184;133;230;125;267;118;248;107;205;106;147;110;95;107
577;51;113;101;120;137;130;183;132;225;129;262;119;237;113;196;111;147;111;96;112
578;48;140;93;156;138;170;184;172;224;155;265;129;234;129;182;130;139;131;92;132
579;52;147;97;178;164;186;225;172;260;146;287;125;251;127;197;134;146;141;90;141
580;51;147;103;183;148;198;207;191;245;165;280;128;228;132;171;136;122;138;79;141
581;40;119;93;153;160;166;207;161;256;137;297;101;253;101;194;98;141;98;87;104
582;38;115;90;147;154;161;217;159;258;134;285;99;242;97;189;97;132;95;82;101
583;40;115;83;142;136;156;204;159;248;136;285;103;236;101;177;99;127;98;76;105
584;39;116;84;143;131;156;192;160;245;140;286;103;239;102;184;96;133;96;81;104
585;42;121;88;152;150;165;211;165;259;136;292;100;241;98;192;96;113;94;68;105
586;32;142;68;185;131;213;204;206;251;175;283;129;240;131;178;135;121;137;71;138
587;37;145;75;183;126;210;206;207;256;173;284;132;232;134;186;138;135;140;82;138
588;38;142;72;181;136;205;207;201;249;173;285;125;245;131;187;137;144;138;80;141
589;37;125;92;155;161;175;212;170;256;141;286;109;248;104;199;105;153;110;95;113
590;39;125;85;153;143;169;210;169;252;145;289;110;254;106;199;112;139;112;88;117
591;40;141;86;180;144;201;206;197;252;167;281;120;242;120;194;121;144;124;85;127
592;36;140;73;179;126;203;192;204;247;171;285;119;228;122;175;127;126;129;76;136
593;37;146;78;185;137;206;193;205;236;182;285;127;227;125;181;128;129;129;78;133
594;35;133;77;174;137;201;202;197;254;160;283;116;244;113;189;115;140;117;84;122
595;38;126;85;162;149;181;198;178;249;154;285;105;244;106;194;108;145;111;85;115
596;38;126;88;158;148;175;210;171;257;142;296;106;242;104;180;107;120;108;78;113
597;38;135;70;181;122;203;200;204;249;170;281;119;248;120;193;123;134;127;88;131
598;32;141;70;184;151;210;217;199;258;166;284;121;239;123;195;125;151;124;87;127
599;32;123;92;154;157;167;215;165;258;137;292;103;256;104;200;101;150;103;94;106
600;39;121;84;147;136;166;203;164;252;144;287;103;243;100;193;98;140;100;90;107
601;36;139;74;183;128;204;200;204;253;169;288;116;237;117;177;118;125;122;72;128
602;37;99;85;146;129;174;197;180;245;161;300;103;255;79;205;76;154;77;95;84
603;44;99;80;147;147;182;202;181;251;154;297;100;247;78;195;73;142;74;85;85
604;38;106;93;159;162;191;227;182;268;149;294;106;272;81;213;74;159;74;93;81
605;38;100;73;148;125;181;195;187;249;166;294;92;258;76;201;69;147;72;86;80
606;36;100;71;149;141;185;219;185;273;151;299;99;261;75;198;71;143;75;80;84
607;41;100;75;148;137;186;202;189;265;155;295;99;256;75;214;70;168;70;88;81
608;54;91;98;133;148;163;213;170;262;151;300;99;266;88;226;82;179;80;111;82
609;70;72;127;85;167;102;218;112;250;117;292;101;259;83;214;75;160;73;118;73
610;86;63;143;75;191;86;235;92;267;90;302;91;271;81;227;74;188;73;146;71
611;69;86;113;105;160;123;208;128;252;117;300;96;264;84;222;75;181;75;117;77
612;45;92;78;126;134;152;203;156;255;135;297;95;258;79;211;72;156;75;102;78
613;47;95;83;133;137;160;205;164;256;145;300;99;263;79;209;72;152;73;96;79
614;39;95;85;141;146;173;219;168;269;136;295;100;248;77;201;72;148;75;91;81
615;40;102;79;148;131;179;210;187;268;152;293;100;260;81;198;73;147;76;92;86
616;44;100;78;149;135;182;214;183;265;152;295;102;252;75;198;73;142;75;94;82
617;42;109;78;160;152;193;233;185;280;141;299;102;258;87;203;81;157;86;92;93
618;42;108;77;155;129;187;202;194;255;167;297;104;264;84;207;83;151;84;90;93
619;38;108;66;149;125;187;198;192;257;165;297;106;258;85;192;80;135;84;79;94
620;66;93;115;127;165;155;220;155;264;134;299;104;253;87;200;85;151;83;104;88
621;73;75;122;88;173;100;229;109;266;107;307;97;270;87;229;83;176;82;122;79
622;72;86;122;107;178;127;234;127;267;118;300;106;254;88;200;85;152;85;118;86
623;56;101;90;125;147;146;204;149;251;140;293;103;263;90;213;87;149;86;100;89
624;54;100;90;125;143;148;209;158;250;143;296;102;251;87;197;86;157;87;98;90
625;54;99;95;132;161;154;220;154;262;130;298;101;261;91;222;88;168;87;105;89
626;50;103;85;159;142;187;218;187;267;154;295;99;260;85;209;80;154;84;94;88
627;61;100;96;152;162;184;234;169;269;140;294;100;242;89;195;87;134;87;90;93
628;58;105;92;142;143;178;209;180;254;154;284;108;249;94;201;93;162;93;106;95
629;51;103;91;135;146;167;219;169;262;142;298;103;247;92;196;89;152;90;88;94
630;46;111;95;154;151;183;223;177;262;149;297;102;264;91;224;86;178;87;112;92
631;46;108;87;159;142;191;222;185;267;153;299;104;255;88;195;85;146;88;90;96
632;46;108;84;154;140;191;212;189;257;160;289;105;249;88;204;86;153;90;92;99
633;65;86;106;115;169;136;230;146;280;129;301;85;275;58;231;43;175;49;119;64
634;64;83;116;118;165;134;230;143;277;130;297;88;268;57;217;44;167;51;105;69
635;96;64;144;86;194;108;241;111;275;102;300;89;279;70;239;53;196;50;146;57
636;102;41;149;43;197;47;237;59;260;67;301;76;278;64;242;53;207;44;150;39
637;101;29;150;29;190;36;241;46;282;55;314;68;290;49;245;41;193;31;150;27
638;114;43;158;48;203;52;243;63;273;71;305;75;282;62;254;54;224;45;188;45
639;103;60;157;77;212;89;246;92;276;92;304;90;286;72;249;53;210;45;162;47
640;91;63;133;83;176;95;234;103;275;104;307;87;273;65;229;46;192;47;148;54
641;83;71;130;93;184;108;237;119;277;113;290;88;273;58;240;43;194;42;140;58
642;84;72;133;97;177;111;231;119;277;115;295;78;265;54;226;43;185;44;136;54
643;58;97;91;135;133;165;197;168;253;146;296;103;255;87;208;86;159;85;110;88
644;53;103;86;143;123;172;194;185;250;163;294;102;251;87;207;83;162;83;102;88
645;46;107;93;152;149;190;227;181;274;150;298;102;257;85;207;82;157;85;98;90
646;48;108;86;159;134;189;215;193;261;160;294;103;258;87;215;84;156;83;96;89
647;57;83;113;107;173;127;246;132;285;114;300;82;281;60;236;39;188;41;124;57
648;61;78;127;107;189;126;254;131;289;113;302;82;277;58;231;38;186;39;123;55
649;74;71;118;91;168;112;211;125;256;121;287;93;269;71;228;58;181;53;126;63
650;113;58;168;70;219;81;261;85;286;86;319;86;288;75;247;67;197;63;153;65
651;102;81;149;93;193;102;238;111;270;110;300;92;273;84;234;82;189;79;146;84
652;50;99;73;137;132;158;206;160;251;139;297;99;264;88;218;84;151;85;95;90
653;53;100;81;147;138;187;214;187;265;150;296;99;248;86;191;83;146;84;94;90
654;75;93;107;116;152;140;203;146;248;130;301;97;259;87;205;80;166;81;126;86
655;86;69;138;80;181;95;237;100;268;100;304;97;275;83;240;76;189;75;137;75
656;101;76;138;84;193;95;229;103;269;103;303;96;279;84;235;80;192;78;136;79
657;72;94;117;118;152;138;193;146;253;124;303;97;268;83;217;78;162;81;115;88
658;55;102;102;137;145;157;209;161;257;141;295;98;250;84;203;81;149;84;97;89
659;47;98;84;136;140;170;220;170;262;141;292;100;239;81;178;78;131;83;79;91
660;47;122;97;174;170;198;227;190;265;156;285;114;237;109;185;111;134;118;88;119
661;48;126;90;168;143;194;208;196;253;170;280;122;245;111;193;112;145;119;95;121
662;52;124;94;167;143;195;214;196;260;163;285;115;251;108;211;112;152;116;100;120
663;49;125;91;168;145;198;219;196;262;161;285;120;254;109;204;111;158;118;106;121
664;54;128;94;168;150;196;210;196;256;169;282;122;254;110;210;110;155;115;105;120
665;45;121;91;163;150;196;217;193;267;157;293;111;259;97;207;95;151;100;96;103
666;40;113;74;150;132;180;188;193;248;175;280;116;249;89;199;90;161;93;106;100
667;39;111;86;154;151;187;223;184;267;152;286;108;257;91;214;86;149;88;91;98
668;43;109;86;151;148;183;214;186;266;155;291;101;245;89;186;89;130;94;80;100
669;82;77;136;90;194;99;245;106;280;105;306;98;279;89;241;85;177;83;137;86
670;58;94;112;125;164;141;220;136;260;119;295;100;261;91;210;92;159;91;108;94
671;58;105;100;142;152;160;226;160;269;129;301;100;262;91;204;91;150;97;108;99
672;56;108;98;145;151;172;216;171;264;143;293;103;253;91;199;92;157;95;108;99
673;47;105;82;143;126;175;201;183;265;151;297;102;246;85;181;82;142;86;86;95
674;45;110;85;150;139;182;207;184;261;158;289;103;253;85;200;83;144;89;90;97
675;38;103;60;155;118;187;205;189;275;155;306;104;267;94;210;85;146;85;81;92
676;39;107;65;160;134;193;211;191;265;162;304;104;269;91;219;85;167;82;91;85
677;36;106;72;167;136;196;213;190;271;164;305;111;261;94;202;83;147;85;90;93
678;41;109;61;157;122;202;196;199;264;170;310;112;272;99;201;91;139;93;80;96
679;34;116;80;171;141;201;216;203;265;172;301;112;264;98;218;98;158;104;88;108
680;43;117;93;180;162;202;229;192;274;157;298;114;250;99;186;101;137;107;81;109
681;58;129;105;171;163;197;226;193;269;157;291;112;257;105;200;111;158;115;111;120
682;55;128;96;166;153;194;219;194;264;157;289;115;249;108;191;110;136;117;93;120
683;52;128;99;170;166;197;224;194;265;161;292;112;244;107;175;110;137;115;88;119
684;43;98;100;136;182;157;243;150;290;121;297;89;264;73;224;62;177;62;101;72
685;50;92;101;135;162;155;229;155;280;135;299;92;256;70;197;58;142;66;94;75
686;61;87;104;121;156;142;224;143;280;128;301;88;266;68;222;54;163;60;114;68
687;78;81;114;103;165;122;208;130;254;117;299;96;263;77;225;67;166;67;120;73
688;80;50;131;58;201;69;252;80;288;86;318;89;288;76;240;71;186;59;133;52
689;110;69;157;75;202;85;248;92;283;95;317;92;288;80;250;79;207;73;158;72
690;78;94;127;125;177;139;224;141;272;121;303;97;267;88;224;85;176;86;128;91
691;58;104;106;146;157;163;227;166;270;138;297;97;258;86;210;82;164;87;112;95
692;55;90;103;130;176;151;233;148;279;130;300;89;260;71;205;59;162;66;101;75
693;60;106;116;142;175;155;236;151;278;129;300;93;269;84;215;83;159;92;112;97
694;64;120;121;158;187;179;248;167;280;139;298;105;262;103;218;103;170;111;118;115
695;66;130;109;167;167;189;229;188;273;154;297;113;255;110;195;114;153;122;111;123
696;58;93;118;133;186;148;242;144;286;118;298;89;269;71;223;58;177;62;113;76
697;62;104;103;139;170;168;239;160;280;134;294;97;249;80;207;77;161;85;108;88
698;69;115;108;158;174;185;235;175;271;142;301;109;264;92;212;93;154;93;103;99
699;83;85;129;107;174;127;217;126;255;116;297;101;267;91;231;90;174;88;126;88
700;82;78;131;90;189;104;231;109;267;104;305;98;264;89;228;87;190;85;137;85
701;62;105;95;142;145;157;206;159;259;141;302;101;258;95;198;95;153;97;103;101
702;77;95;119;114;171;124;224;126;263;125;309;104;276;95;232;89;186;89;126;89
703;58;98;106;126;170;136;235;134;276;123;307;105;264;95;220;88;173;86;122;89
704;56;96;100;128;159;147;215;147;274;131;317;102;266;94;210;87;162;88;102;90
705;52;97;96;132;156;152;221;152;273;140;311;103;270;94;222;88;168;88;111;92
706;54;98;102;138;182;157;245;151;288;135;314;102;265;91;205;87;152;87;102;92
707;46;102;91;141;161;167;236;162;288;144;317;108;270;96;219;91;170;89;107;93
708;49;101;91;140;161;167;237;161;283;144;315;109;270;99;215;90;150;91;94;94
709;50;105;99;145;184;168;246;158;284;146;312;109;271;97;218;91;165;91;107;95
710;48;106;92;139;157;167;216;168;269;151;310;109;257;96;201;92;151;94;96;98
711;53;106;107;147;186;168;254;157;289;138;316;106;269;96;209;93;160;94;99;98
712;82;94;123;114;171;126;223;129;259;127;305;110;262;102;215;97;179;97;121;97
713;88;87;130;94;188;98;232;101;268;104;309;103;271;99;229;94;179;91;131;89
714;81;91;127;110;170;119;211;121;253;116;304;106;264;93;228;90;187;90;136;90
715;57;95;102;117;154;130;216;133;260;127;309;105;264;95;223;88;178;86;116;88
716;53;96;99;126;155;143;220;144;270;132;312;104;261;92;213;87;154;89;97;93
717;53;100;105;132;172;153;228;151;282;136;310;105;270;94;225;91;166;89;104;92
718;98;64;155;75;209;84;252;90;287;94;320;94;280;68;240;48;181;42;140;50
719;103;65;152;74;202;83;259;88;287;91;314;94;278;66;236;47;189;40;144;51
720;111;65;160;76;205;82;246;88;274;93;313;95;296;78;258;57;213;42;155;48
721;107;71;139;81;175;88;223;94;257;98;304;101;283;79;241;60;189;52;151;59
722;134;75;175;81;214;86;253;88;283;91;319;93;287;88;249;83;211;81;169;77
723;107;90;144;103;191;112;226;115;262;115;304;108;270;97;231;94;193;89;148;90
724;72;100;100;121;150;141;213;141;256;134;304;111;256;97;193;97;139;96;102;96
725;49;101;81;132;131;157;185;163;246;155;314;109;263;103;212;95;162;96;107;94
726;49;103;88;134;140;159;219;166;273;146;312;101;276;89;228;85;166;86;102;95
727;49;105;98;137;159;165;236;164;285;141;312;102;273;89;215;83;158;87;107;91
728;54;103;93;132;146;156;214;165;268;147;305;105;256;90;188;91;136;91;89;97
729;84;77;152;85;204;95;255;101;283;103;326;102;290;96;241;93;186;86;142;79
730;90;80;145;89;193;95;227;99;262;101;316;104;283;98;232;95;195;93;146;86
731;91;94;129;111;168;118;213;119;250;117;291;109;264;100;227;95;185;93;140;93
732;62;97;101;120;150;133;203;138;254;131;304;109;272;99;224;91;178;90;119;89
733;55;105;103;136;151;157;212;159;269;145;310;108;264;93;213;91;162;90;109;94
734;57;101;99;136;165;156;238;154;280;138;313;106;277;95;224;91;166;89;107;96
735;62;102;109;140;171;157;229;155;271;142;314;108;270;100;209;96;168;96;115;100
736;63;105;104;141;167;158;228;155;275;143;313;108;275;105;224;100;177;99;117;99
737;64;110;100;145;151;166;218;169;268;149;301;119;266;110;225;103;181;104;123;107
738;80;86;121;94;172;99;220;102;265;104;304;105;260;99;219;98;169;93;122;87
739;91;91;138;96;182;100;233;101;268;101;312;103;264;97;231;97;182;96;137;94
740;87;96;123;112;172;120;222;121;259;116;289;108;257;101;216;98;177;96;127;96
741;66;99;106;121;163;136;222;135;264;127;306;109;261;100;208;96;165;98;112;100
742;57;99;95;128;164;150;220;149;273;134;312;107;269;100;212;94;154;96;111;96
743;50;99;94;135;156;159;222;157;272;142;308;109;265;100;209;95;159;95;100;97
744;95;62;147;71;208;79;250;85;283;89;311;90;280;70;236;47;188;36;141;49
745;104;62;146;72;182;77;224;83;258;86;299;90;277;66;237;45;193;42;150;50
746;112;65;150;75;193;82;236;87;271;91;304;93;273;68;236;50;183;43;143;52
747;50;108;89;143;138;173;209;179;266;162;310;108;271;99;223;96;158;100;105;102
748;47;111;102;153;158;179;217;178;275;155;310;109;262;99;208;93;157;99;106;103
749;53;111;102;137;165;163;231;171;280;151;305;109;276;94;237;95;187;97;124;105
750;61;108;116;140;177;160;243;164;284;148;312;101;271;96;210;97;151;97;106;102
751;81;97;130;113;179;125;221;124;263;121;306;106;282;100;244;100;198;99;137;100
752;97;94;141;101;181;105;230;108;266;106;301;105;273;98;231;95;188;95;141;96
753;90;93;125;108;166;116;215;117;253;114;296;105;266;95;220;90;175;90;127;92
754;74;94;115;112;161;121;219;124;259;118;302;105;264;94;215;87;158;89;114;90
755;66;99;112;122;166;135;232;136;274;125;317;103;263;93;208;89;164;88;117;92
756;61;101;106;128;159;144;220;145;269;132;311;104;264;93;210;90;162;91;113;95
757;62;103;106;130;157;147;226;149;272;134;308;104;272;95;222;91;173;89;117;95
758;52;111;85;147;145;175;224;171;277;149;314;111;268;106;216;101;164;102;105;108
759;59;114;105;150;179;167;239;158;289;138;319;110;284;104;236;104;187;105;122;109
760;66;119;116;149;180;170;245;162;286;143;320;107;283;105;235;107;184;109;121;114
761;73;121;121;149;176;168;235;164;284;144;315;109;281;108;221;111;177;114;114;116
762;64;116;109;149;178;168;242;162;282;143;310;106;277;101;231;102;183;104;113;108
763;65;114;110;147;166;167;233;161;280;141;312;106;256;105;197;107;146;107;98;110
764;83;105;141;126;194;141;237;140;274;129;307;113;282;106;238;103;192;102;144;105
765;87;100;147;110;197;113;246;117;286;115;316;105;290;99;249;94;206;95;147;98
766;127;101;182;115;231;120;267;121;293;120;317;102;295;93;260;88;213;90;169;96
767;115;104;157;116;207;125;251;130;284;126;311;113;306;93;272;90;232;90;175;96
768;130;99;168;113;200;117;238;119;273;119;306;111;284;100;240;98;194;99;157;100
769;130;95;174;101;226;103;271;102;306;103;328;105;300;99;264;96;213;97;174;95
770;111;108;141;117;182;124;240;121;274;116;303;115;277;111;239;109;193;109;146;108
771;79;113;119;130;174;138;218;136;259;128;303;116;262;113;211;110;171;110;123;112
772;74;114;114;145;186;151;236;150;270;138;309;118;266;113;215;110;171;112;121;113
773;109;51;157;57;205;65;247;71;285;78;323;84;281;61;254;43;209;29;154;37
774;118;53;173;64;206;70;253;77;285;83;321;90;278;64;249;44;193;34;155;40
775;53;108;112;159;179;179;252;166;289;146;318;104;287;95;224;90;167;90;107;95
776;50;104;91;146;144;177;215;175;268;155;310;113;279;99;215;92;151;95;99;97
777;58;110;104;151;182;174;238;168;286;142;308;110;271;97;220;94;163;95;110;99
778;94;97;146;110;185;124;238;126;278;124;324;113;273;102;225;98;177;97;134;98
779;95;87;146;91;187;95;229;98;270;99;310;101;279;93;234;90;188;88;140;87
780;94;91;135;107;191;119;244;119;284;113;319;99;280;90;229;86;182;87;140;94
781;85;100;132;120;193;133;238;134;287;121;317;98;268;88;219;83;180;84;132;92
782;54;111;99;149;165;175;226;172;277;150;315;104;261;97;210;97;158;100;103;104
783;101;74;149;75;212;83;250;89;294;90;331;91;294;86;256;81;210;79;152;72
784;107;84;148;89;198;95;236;96;271;96;309;96;279;86;234;82;197;81;149;82
785;94;89;141;106;185;113;231;116;260;113;311;100;277;89;231;80;180;80;142;84
786;85;65;137;77;189;83;230;89;262;93;312;97;297;72;252;54;207;39;135;47
787;95;65;143;76;184;81;230;89;268;92;297;92;283;67;236;45;183;38;142;45
788;105;65;145;75;191;80;233;87;261;91;300;92;281;63;235;43;181;38;140;44
789;108;64;146;74;198;81;238;87;266;90;309;87;288;64;241;48;192;39;152;43
790;110;57;169;63;209;68;254;75;290;78;331;82;290;73;253;73;211;65;169;60
791;129;58;174;63;216;68;250;72;283;78;321;82;284;74;248;67;216;65;175;61
792;68;94;111;117;164;130;226;131;268;120;309;100;274;91;225;83;178;83;121;88
793;87;85;137;96;189;107;240;109;272;107;306;100;277;91;239;85;192;84;147;87
794;97;88;145;99;199;105;242;108;275;106;305;100;270;91;220;87;175;85;130;88
795;74;93;121;117;181;127;235;128;275;118;307;101;274;90;222;86;174;85;123;88
796;66;99;105;126;168;144;234;144;279;126;312;105;274;89;224;85;174;85;119;91
797;62;112;109;155;176;182;243;174;281;152;311;105;263;92;202;91;152;96;108;102
798;55;109;97;153;166;179;229;173;283;149;318;107;270;93;205;91;159;92;112;98
799;67;99;113;119;164;130;215;133;263;126;304;111;276;99;226;96;180;96;123;97
800;63;102;111;134;167;151;223;151;271;133;311;103;270;96;226;93;180;94;122;97
801;54;108;86;141;144;168;219;175;270;154;316;105;266;96;215;93;156;96;98;99
802;84;77;138;92;192;104;253;107;290;104;317;99;285;90;238;80;184;70;124;73
803;62;84;117;111;177;126;229;131;271;124;302;95;260;83;209;75;150;70;98;74
804;46;90;87;121;145;143;201;150;257;138;296;96;259;85;211;70;153;67;97;76
805;32;92;88;131;162;160;237;156;273;137;303;96;252;82;190;68;136;68;86;77
806;22;98;58;147;124;187;196;191;257;160;302;106;245;89;182;80;120;78;63;84
807;26;103;65;152;129;188;201;191;262;161;297;108;239;87;184;78;116;75;62;87
808;31;103;71;156;132;189;204;187;261;156;296;106;234;87;162;77;108;79;62;89
809;41;98;89;139;162;171;234;157;271;132;300;99;261;91;196;86;121;83;67;85
810;63;70;118;82;173;93;233;98;277;100;313;98;277;91;226;82;184;73;130;74
811;69;89;126;114;177;131;232;134;272;124;304;102;268;94;220;85;169;81;123;83
812;50;96;84;127;138;148;199;165;253;153;305;99;271;92;220;83;160;79;94;85
813;31;104;93;155;160;179;228;177;273;149;300;102;259;83;201;71;146;70;83;79
814;65;94;116;127;170;154;244;148;281;127;302;101;271;93;219;86;166;83;115;86
815;73;79;119;90;180;102;228;109;267;107;303;102;258;94;214;86;167;80;123;83
816;52;91;102;118;174;140;223;142;264;128;302;103;268;95;220;89;173;83;115;83
817;39;96;82;130;143;157;214;160;264;139;296;101;246;91;186;80;135;80;86;86
818;34;100;84;141;149;169;227;168;277;140;304;103;262;89;210;81;143;78;82;86
819;27;102;72;146;122;174;209;183;271;152;299;102;244;83;178;73;128;75;79;84
820;25;104;80;153;160;184;231;175;276;145;297;103;259;88;204;79;139;77;82;84
821;59;90;107;120;150;142;223;151;262;131;296;101;260;93;205;83;154;82;106;84
822;71;83;116;93;176;111;233;114;265;115;313;108;284;96;235;84;178;76;124;77
823;52;93;106;120;158;139;209;149;257;139;296;105;258;89;201;81;146;76;98;80
824;35;99;80;139;138;161;222;171;273;146;299;96;254;79;191;64;136;68;75;79
825;37;106;87;139;162;167;227;167;273;144;299;97;245;73;181;61;123;63;70;76
826;35;103;81;141;158;168;234;165;276;142;297;101;265;80;213;63;138;62;84;71
827;62;87;110;119;163;145;225;144;269;129;303;97;259;92;214;85;157;79;103;81
828;67;75;113;89;181;104;236;107;277;105;310;103;271;96;216;87;169;79;121;78
829;58;87;105;111;164;132;231;133;270;122;300;99;250;90;202;81;143;80;95;84
830;42;94;91;129;149;151;215;153;266;136;297;100;252;90;196;82;135;77;87;83
831;34;96;83;134;156;166;207;167;267;145;296;105;259;93;190;81;129;78;73;85
832;49;126;103;162;178;177;244;161;287;134;311;101;283;103;229;106;165;113;98;123
833;56;126;101;160;165;178;224;167;272;144;302;106;264;106;223;109;140;119;94;122
834;64;127;118;159;188;173;240;160;274;137;304;104;258;107;196;113;149;119;102;124
835;104;113;166;131;233;143;275;131;293;116;313;103;283;104;235;105;185;110;144;116
836;101;71;148;78;215;83;267;88;299;90;352;92;313;84;266;84;216;80;148;76
837;143;81;206;83;245;90;279;94;307;94;350;94;306;90;259;85;218;82;197;81
838;115;98;181;119;241;129;277;133;309;126;325;100;292;94;249;89;197;90;150;96
839;61;104;138;135;194;148;244;153;279;148;304;103;276;88;226;86;173;89;115;94
840;47;105;86;133;137;154;218;167;279;152;299;103;262;85;200;81;145;85;98;93
841;32;107;79;152;136;172;213;184;271;158;301;104;256;86;195;76;143;78;85;88
842;27;107;74;148;138;179;199;186;268;157;300;107;254;89;191;76;138;75;75;83
843;26;94;74;152;153;175;224;161;268;145;300;106;250;90;199;81;119;70;71;80
844;23;93;48;134;104;168;178;167;250;152;301;104;247;88;177;78;111;65;58;74
845;21;88;43;135;109;170;193;167;261;149;305;101;239;85;168;73;108;65;57;74
846;21;93;62;149;120;177;194;173;250;156;300;103;260;85;196;73;137;64;75;71
847;19;96;66;154;151;182;223;165;280;140;303;100;249;82;185;72;121;63;62;73
848;55;85;111;121;176;144;236;140;275;124;304;97;268;90;215;82;164;79;99;81
849;60;83;119;107;176;124;235;123;278;119;319;105;290;95;234;86;185;81;128;80
850;47;94;89;122;150;146;214;148;262;136;300;101;258;93;208;86;159;84;99;87
851;35;102;79;145;138;169;215;174;271;145;298;102;259;92;198;85;145;84;84;89
852;29;104;80;152;141;177;210;181;268;153;298;106;252;92;201;82;128;84;81;90
853;37;96;81;142;137;166;200;167;253;142;294;105;248;93;195;84;130;83;91;85
854;65;82;118;106;168;123;226;126;274;116;306;98;266;90;215;82;159;79;111;81
855;56;97;123;133;190;148;248;153;285;132;305;100;264;90;210;85;163;85;105;92
856;44;111;94;141;151;169;206;179;269;163;303;103;268;90;211;83;156;83;99;91
857;36;114;97;162;157;184;217;188;268;164;298;108;260;93;193;85;144;86;90;95
858;44;108;100;150;150;177;218;183;267;160;295;107;250;92;187;86;139;90;84;96
859;61;97;110;132;171;150;229;154;272;141;299;101;257;89;197;83;148;86;100;88
860;58;101;105;133;160;152;207;161;258;154;300;102;256;90;210;84;165;84;110;90
861;47;107;97;146;152;173;213;180;270;158;302;106;263;94;211;87;155;87;102;94
862;72;139;131;164;181;176;233;163;264;144;292;115;263;117;223;125;174;131;121;135
863;68;122;123;133;162;140;210;136;238;131;280;113;248;114;201;116;158;118;111;121
864;70;121;121;145;178;152;217;146;248;132;286;118;250;116;197;119;160;120;112;123
865;56;126;95;153;150;168;208;164;247;148;296;114;253;114;205;115;152;117;98;123
866;30;115;85;155;143;177;202;178;264;153;297;107;248;100;193;99;141;100;88;107
867;75;105;129;127;179;139;223;132;263;121;295;106;263;101;223;101;167;99;121;104
868;55;120;110;155;175;175;232;167;271;143;304;103;264;102;210;104;151;108;103;116
869;49;120;99;150;168;173;230;165;273;138;302;102;250;103;191;104;126;113;83;115
870;43;113;85;148;146;172;209;174;259;147;301;100;248;104;192;106;141;107;98;112
871;40;117;90;154;158;178;215;175;271;143;302;103;257;101;196;104;140;107;92;112
872;36;86;62;124;112;149;187;148;240;143;291;100;233;91;168;83;109;79;61;82
873;74;85;134;106;192;124;242;128;283;115;309;99;277;94;230;86;180;84;127;85
874;49;94;111;123;168;142;223;151;268;142;301;98;265;93;210;86;169;85;109;88
875;42;100;96;136;154;159;214;165;269;148;303;100;256;90;206;85;151;84;98;87
876;27;105;70;148;138;180;220;178;272;146;297;101;241;89;189;81;138;83;81;89
877;32;106;78;152;126;173;191;183;250;164;302;103;254;89;188;83;128;83;78;90
878;42;131;84;158;146;184;213;182;263;155;299;109;244;114;199;119;139;123;89;130
879;45;130;89;165;142;184;199;185;250;163;301;106;251;113;206;119;156;124;106;129
880;60;124;129;151;188;167;251;166;292;139;311;96;271;102;217;107;163;111;115;116
881;40;127;97;164;172;184;231;184;281;152;308;100;264;103;200;107;152;111;97;117
882;32;98;83;138;148;162;208;158;255;139;298;108;250;104;198;99;148;93;85;96
883;27;104;70;153;149;184;214;175;266;149;302;109;257;101;181;92;122;92;75;94
884;24;104;65;155;131;190;201;190;261;160;302;102;240;92;172;84;120;86;60;91
885;24;107;67;155;140;190;202;189;266;159;305;105;259;94;208;88;146;81;82;88
886;33;92;105;137;187;158;249;152;287;132;300;94;258;69;209;53;140;56;86;68
887;33;92;103;136;179;155;252;147;289;126;300;94;268;75;202;53;148;50;88;67
888;32;96;94;132;154;153;219;157;277;136;304;95;258;72;208;56;145;55;87;69
889;40;85;104;121;158;141;217;146;269;135;302;92;265;71;213;54;144;51;88;63
890;45;97;101;137;161;159;218;161;270;143;301;98;250;79;188;67;135;69;87;77
891;32;111;75;154;131;180;216;184;270;153;304;104;261;92;206;83;130;84;69;93
892;59;95;112;138;172;165;231;161;267;136;296;104;247;91;195;85;144;84;100;87
893;89;62;162;75;220;85;272;94;299;94;337;92;301;83;249;78;197;72;147;70
894;112;69;153;78;211;88;248;95;272;94;314;91;273;84;230;73;194;63;145;63
895;66;79;117;99;167;112;221;121;262;118;301;102;277;87;229;69;175;60;125;67
896;52;86;110;115;171;129;234;135;281;123;308;91;261;75;210;62;157;59;101;65
897;36;113;93;151;155;172;226;171;279;144;302;96;254;94;205;94;157;100;98;109
898;35;113;96;152;165;172;223;169;268;144;299;103;260;97;213;97;154;100;99;107
899;30;112;86;154;147;179;231;176;281;144;301;102;256;88;195;80;134;83;85;91
900;31;107;79;151;141;181;216;182;271;152;298;102;248;87;184;80;130;83;81;90
901;68;139;120;168;188;184;227;174;264;154;294;127;254;126;208;130;151;134;112;137
902;38;95;83;148;143;191;228;203;284;163;327;98;275;87;197;82;136;81;76;88
903;36;94;85;155;147;198;222;202;291;154;321;98;281;88;213;83;158;82;93;85
904;35;95;76;149;138;192;231;205;294;162;327;100;280;89;227;86;161;86;95;88
905;35;94;88;157;163;203;247;202;300;152;328;99;267;85;202;86;146;87;89;89
906;44;87;99;153;159;183;244;191;299;149;327;94;275;79;204;75;141;74;89;76
907;57;78;105;121;160;154;233;160;286;137;326;95;281;81;223;75;165;74;111;72
908;68;68;123;93;191;114;256;118;303;111;326;93;293;82;244;72;185;70;124;68
909;68;83;106;109;156;133;214;145;276;131;325;101;288;86;203;78;157;75;105;77
910;59;91;97;127;153;162;225;176;285;147;334;96;284;84;228;81;158;78;107;80
911;53;93;103;147;166;187;241;186;293;150;332;99;271;85;213;80;156;78;97;81
912;50;96;89;148;151;189;238;194;292;151;325;96;277;86;224;82;157;81;103;86
913;45;98;95;156;175;199;245;194;297;149;327;97;281;88;211;85;142;84;89;86
914;44;97;80;155;141;194;231;205;292;161;324;102;273;88;213;83;148;82;90;85
915;41;90;96;144;166;193;248;191;299;146;320;101;273;88;218;86;151;84;90;83
916;68;78;126;117;193;150;258;152;305;125;327;93;287;79;228;72;154;73;107;72
917;81;57;133;72;198;84;258;94;289;96;330;91;296;77;251;65;196;61;136;57
918;78;74;138;91;190;110;238;118;301;116;335;92;293;80;249;70;197;72;140;72
919;65;83;111;109;163;137;232;159;299;128;327;92;275;78;214;70;159;71;102;75
920;54;88;106;135;165;162;240;175;298;143;325;93;268;74;213;69;153;70;108;74
921;47;98;96;161;167;205;249;199;303;151;323;102;267;84;210;84;151;85;102;88
922;43;99;82;156;138;192;210;205;275;174;323;102;285;93;215;85;151;85;88;88
923;54;104;98;154;157;186;261;188;302;144;324;97;281;84;229;80;168;78;100;79
924;38;99;83;159;145;195;221;207;289;167;322;104;270;91;213;86;156;86;92;91
925;40;103;97;170;174;204;247;204;299;162;326;102;282;92;222;88;154;87;90;94
926;41;100;87;157;158;201;238;202;302;145;324;104;271;89;205;86;145;84;85;90
927;45;100;93;163;163;201;239;197;303;152;325;100;275;89;216;84;152;82;93;86
928;39;90;87;147;163;187;245;174;300;142;345;98;292;83;217;74;146;69;85;75
929;37;82;82;141;157;176;239;170;295;142;333;98;284;78;224;69;156;64;89;67
930;39;83;80;139;156;170;230;172;297;142;333;97;293;78;236;68;160;62;103;64
931;39;113;91;184;157;216;240;220;298;177;334;108;252;96;194;95;133;97;80;102
932;34;113;75;163;155;216;261;214;313;162;334;110;274;96;197;93;137;96;77;101
933;35;106;77;171;145;213;244;217;305;164;336;99;287;88;224;83;165;84;91;89
934;51;78;101;122;159;160;235;166;290;138;327;96;285;82;235;75;168;74;100;73
935;72;69;131;94;196;111;253;120;299;111;335;93;289;81;229;74;170;67;116;68
936;76;76;115;97;156;112;215;124;272;121;335;103;295;89;237;79;165;76;113;77
937;52;83;96;126;165;162;236;161;284;136;339;97;278;81;214;73;145;71;87;73
938;47;89;96;141;155;184;231;183;289;150;330;97;276;80;211;75;144;72;92;77
939;46;96;86;151;163;197;245;189;299;157;333;100;279;78;211;72;141;71;80;77
940;52;102;111;162;195;189;274;189;323;158;338;97;288;82;223;83;157;90;110;96
941;46;104;92;158;186;193;259;195;315;157;335;101;290;83;225;85;163;88;96;95
942;44;101;94;158;162;203;248;193;302;150;325;101;274;94;210;92;143;93;90;94
943;41;106;86;159;149;200;232;209;299;163;327;105;285;94;222;92;155;91;90;97
944;41;106;76;156;135;192;224;211;280;173;328;100;268;93;191;90;137;90;84;96
945;41;85;75;144;156;185;243;186;290;158;335;101;277;77;207;69;132;66;84;72
946;36;103;86;171;174;214;244;205;297;162;328;103;277;95;192;91;133;92;76;97
947;37;102;84;166;166;213;255;200;306;154;332;101;273;94;203;92;148;94;87;96
948;52;88;99;153;157;198;227;197;285;156;333;102;275;89;208;83;150;82;89;87
949;69;72;116;99;166;121;217;132;269;132;326;108;306;90;246;77;185;74;110;72
950;68;85;128;118;191;140;250;139;290;123;333;97;276;86;216;82;156;80;106;83
951;61;94;94;127;142;159;209;176;282;146;330;98;282;88;233;87;173;86;114;87
952;50;86;100;132;158;164;238;172;301;143;332;93;284;70;224;61;148;61;96;69
953;71;73;130;103;202;135;271;125;300;114;330;86;285;66;214;54;172;49;102;54
954;86;45;145;60;203;72;239;78;283;84;315;86;280;74;232;53;182;52;133;49
955;80;58;122;73;162;84;209;95;249;98;319;92;292;76;242;56;186;53;118;53
956;72;65;124;97;182;119;235;130;285;121;336;82;293;66;234;54;176;48;123;53
957;69;75;122;115;179;140;258;146;309;119;341;82;291;64;223;50;167;46;110;58
958;57;80;115;125;184;154;259;155;305;125;333;88;284;66;222;52;157;53;102;63
959;56;92;98;146;173;183;244;183;292;148;334;97;279;81;222;76;155;75;101;81
960;50;100;87;159;157;200;243;197;302;150;334;95;283;82;219;77;154;77;100;81
961;41;99;89;163;149;200;236;205;295;161;332;99;279;91;200;81;140;81;75;87
962;43;85;99;134;175;169;242;174;298;145;323;87;286;64;228;50;161;48;96;60
963;54;83;112;140;180;173;258;173;306;137;331;91;283;69;223;61;157;59;98;66
964;45;92;95;150;162;190;251;187;309;146;331;93;286;71;226;58;157;56;91;68
965;49;87;98;141;177;174;257;171;310;140;339;86;298;71;241;52;164;47;97;61
966;51;85;103;139;163;167;237;176;300;143;327;94;289;68;235;52;161;48;102;61
967;56;84;104;137;176;166;251;165;298;136;331;86;289;68;223;51;152;48;102;60
968;52;86;98;140;168;173;249;174;302;138;325;92;279;66;220;53;159;53;101;64
969;47;85;101;139;168;173;237;178;300;144;330;91;287;68;224;56;165;51;102;61
970;45;103;80;163;156;207;236;208;303;159;333;97;287;85;224;81;147;83;90;89
971;49;94;101;145;172;184;269;174;311;137;336;88;289;70;221;54;148;55;91;69
972;46;90;96;145;183;177;260;171;310;135;325;95;273;62;210;52;159;54;94;64
973;48;101;88;161;157;202;244;204;298;156;329;106;292;89;232;82;158;83;86;89
974;48;107;98;174;174;207;254;200;307;149;334;96;290;82;222;75;156;76;86;87
975;42;103;90;171;166;208;247;203;297;164;328;100;288;87;221;77;155;76;85;83
976;48;86;90;134;156;167;244;176;303;145;325;93;279;62;226;49;153;50;94;64
977;63;73;118;113;174;146;253;151;294;127;336;94;285;85;229;76;178;71;113;68
978;68;69;132;93;203;112;258;117;300;112;343;99;296;83;241;78;190;73;122;71
979;69;84;122;120;181;141;251;141;294;123;336;94;281;86;223;80;170;77;113;77
980;60;91;99;129;154;164;215;180;272;162;335;98;288;84;229;80;166;79;111;80
981;50;97;98;146;164;188;248;188;302;147;337;94;284;87;218;78;150;79;93;84
982;46;110;90;162;153;202;244;202;297;161;330;98;280;92;219;86;155;85;89;91
983;48;118;100;168;170;207;253;197;303;157;330;106;282;92;218;86;155;87;97;98
984;50;121;99;171;165;205;257;200;305;154;330;106;290;89;225;87;155;86;95;96
985;54;125;105;175;167;205;242;207;294;163;326;99;273;93;214;92;140;89;82;102
986;57;120;109;174;187;206;258;194;309;148;332;101;299;89;226;85;159;82;90;98
987;57;122;103;169;172;203;251;199;304;154;331;98;270;90;194;87;130;85;94;101
988;40;102;87;158;144;196;229;206;282;171;333;100;276;90;226;87;156;87;92;87
989;45;106;88;160;152;200;234;208;296;162;325;105;276;93;208;88;143;88;79;94
990;54;112;101;173;181;211;258;190;301;157;329;104;283;91;221;88;158;90;98;94
991;44;92;107;135;183;170;259;167;302;140;333;98;293;72;235;58;162;57;99;71
992;50;91;102;133;164;164;238;173;294;146;330;97;278;68;204;59;156;59;95;74
993;52;89;101;137;160;167;239;175;294;142;327;95;286;74;230;62;168;60;108;71
994;51;90;106;140;183;174;258;169;306;137;332;85;295;70;243;59;174;58;101;68
995;58;81;106;125;164;157;228;170;274;155;334;89;284;83;219;75;162;72;94;75
996;77;75;128;102;180;122;230;128;293;126;340;98;296;89;228;82;182;76;123;78
997;75;75;125;99;182;124;237;127;291;125;331;103;298;89;254;85;203;80;136;79
998;59;91;111;133;170;163;243;168;295;134;330;98;275;88;230;86;169;85;113;86
999;48;99;94;152;165;195;253;187;299;152;330;99;286;88;236;87;178;87;111;87
1000;46;85;96;144;159;185;241;188;293;155;338;93;279;80;230;66;165;64;115;69
1001;47;89;110;137;189;168;258;163;308;131;330;92;289;73;240;54;174;53;107;64
5001;34;119;64;163;117;209;219;240;284;203;362;149;287;125;221;111;118;102;68;110
5002;39;106;79;163;128;198;226;224;296;192;339;157;294;114;229;90;127;85;81;99
5003;35;123;70;183;124;228;199;248;281;216;376;152;283;124;200;109;124;101;73;112
5004;27;128;63;175;127;226;239;236;302;194;376;145;302;132;240;114;127;101;77;112
5005;23;121;57;170;118;213;207;242;292;199;370;148;296;126;209;102;117;98;62;110
5006;36;107;73;151;131;195;206;221;286;199;378;139;288;112;211;83;129;86;77;95
5007;28;117;62;170;124;220;217;241;291;201;358;149;294;128;217;104;124;104;72;113
5008;28;123;68;180;130;222;226;239;304;198;353;149;304;127;227;107;132;101;70;112
5009;32;121;75;182;131;224;214;240;292;197;357;157;292;129;216;109;132;99;75;108
5010;28;128;60;184;110;233;195;246;282;214;346;176;281;156;195;144;109;130;64;129
5011;26;121;53;172;92;219;151;244;240;241;346;166;278;143;220;129;152;119;93;118
5012;39;107;64;168;115;212;196;240;298;207;364;157;299;126;198;93;117;89;79;96
5013;34;118;83;189;163;243;256;232;308;188;347;152;291;127;226;114;154;102;88;109
5014;109;132;156;205;216;243;286;231;333;190;367;152;303;122;248;107;188;106;147;113
5015;30;125;58;168;108;213;201;242;293;208;352;155;293;131;205;107;133;101;80;111
5016;27;126;67;183;122;233;216;247;296;205;351;158;285;131;225;110;134;106;71;115
5017;33;121;92;186;161;224;227;233;296;192;355;145;290;118;230;98;155;92;90;100
5018;30;120;82;186;177;238;260;230;311;182;354;146;288;123;225;103;167;88;92;100
5019;101;126;125;175;176;228;239;249;313;218;374;161;318;126;260;112;200;104;150;112
5020;25;128;63;185;122;229;182;248;278;221;358;164;276;126;192;111;131;111;72;117
5021;30;116;98;203;175;242;269;222;315;183;354;152;291;122;231;104;168;93;101;100
5022;22;115;50;170;106;225;166;246;265;229;352;165;274;126;202;109;134;103;72;113
5023;42;111;111;192;187;227;264;208;302;178;342;154;283;129;221;113;162;104;112;105
5024;29;127;78;192;148;239;222;244;293;202;357;154;290;130;219;113;137;110;80;116
5025;27;119;82;192;156;235;233;239;302;195;352;153;292;128;233;109;161;99;101;112
5026;32;133;97;203;170;244;243;235;299;195;346;152;291;141;223;123;153;111;98;119
5027;35;123;102;197;185;236;253;222;303;187;349;154;274;136;211;116;149;107;93;112
5028;32;123;84;215;149;248;241;250;295;216;361;168;299;135;232;115;161;100;90;106
5029;24;97;55;172;113;214;184;249;273;217;365;160;291;123;185;85;113;75;63;77
5030;25;90;61;160;148;200;233;222;293;189;349;150;291;117;210;90;141;72;62;72
5031;22;99;65;174;137;214;210;233;292;196;349;152;284;115;204;87;129;67;67;72
5032;20;91;62;172;135;214;235;229;299;185;357;153;290;120;215;90;136;67;79;66
5033;23;101;65;174;141;224;239;223;296;182;362;147;282;118;206;94;139;81;76;91
5034;28;120;85;182;155;221;245;226;302;190;351;141;285;123;229;105;151;92;91;103
5035;30;115;85;180;162;227;243;227;293;192;359;145;281;117;228;99;159;87;89;98
5036;27;119;87;189;156;228;243;229;291;193;347;152;277;138;194;113;123;106;70;111
5037;31;125;84;190;146;236;235;236;299;199;349;166;290;141;227;121;155;108;91;113
5038;23;128;75;200;152;241;231;247;299;193;349;163;284;134;215;116;151;116;86;119
5039;25;136;71;202;144;250;231;247;292;208;349;172;305;150;237;127;152;114;87;118
5040;27;133;80;200;150;245;234;244;299;202;350;162;286;138;210;124;138;114;82;119
5041;31;132;93;206;162;246;247;240;300;199;357;160;298;134;232;118;156;108;83;116
5042;26;133;81;200;145;242;238;246;295;201;351;154;289;139;217;115;138;110;75;120
5043;26;137;78;205;158;253;253;240;303;199;352;169;292;147;217;125;143;121;90;125
5044;28;132;66;186;134;233;218;250;287;209;340;163;291;149;234;134;159;118;94;124
5045;73;125;139;178;189;204;248;217;288;195;329;163;281;146;240;135;185;123;136;127
5046;30;132;76;181;131;224;201;245;278;212;341;156;293;145;224;126;162;110;87;114
5047;30;138;76;205;137;244;216;255;293;213;349;166;288;142;218;122;142;115;84;123
5048;31;132;78;199;144;246;226;253;296;208;346;163;245;131;169;120;99;119;60;126
5049;23;141;85;212;164;257;232;248;292;208;348;170;281;145;218;122;132;116;81;120
5050;32;145;68;198;134;243;229;253;287;212;349;165;289;145;207;120;140;120;79;123
5051;26;141;76;208;145;251;236;249;292;212;340;162;263;136;186;121;116;120;67;126
5052;28;135;87;204;159;250;239;245;292;206;352;161;282;132;207;118;137;112;81;120
5053;27;140;79;202;151;249;247;240;300;201;353;166;278;137;206;121;126;117;76;125
5054;22;135;64;194;125;240;221;252;299;208;351;166;285;142;226;128;144;114;80;122
5055;42;151;106;219;171;248;244;228;292;200;338;170;282;158;233;147;176;136;108;134
5056;30;140;64;186;120;231;194;252;279;213;350;163;290;136;225;121;144;114;83;121
5057;27;134;65;186;122;225;185;247;261;233;305;200;352;159;289;139;235;118;149;108
5058;24;143;65;195;123;240;210;256;278;221;333;182;269;171;204;161;125;152;70;146
5059;32;123;59;189;109;224;168;255;269;240;343;173;276;144;220;126;159;112;92;111
5060;26;140;74;198;144;249;220;253;284;219;340;181;268;165;201;154;136;145;85;142
5061;34;146;84;203;152;251;230;246;288;208;352;178;277;165;211;149;153;135;98;133
5062;25;143;72;200;139;242;242;246;285;210;336;179;281;160;228;146;150;133;91;133
5063;25;146;80;204;144;248;223;251;280;213;325;181;257;170;189;159;135;151;85;147
5064;24;141;72;196;122;237;193;256;272;220;333;176;255;157;192;143;126;138;70;135
5065;24;135;64;192;117;230;178;251;254;233;338;176;265;163;192;149;125;144;75;142
5066;19;140;66;190;115;228;167;252;236;247;324;188;257;170;189;157;126;146;76;146
5067;26;142;79;200;149;249;223;251;281;215;338;178;268;168;207;154;153;143;93;142
5068;28;137;78;204;136;245;223;250;272;218;326;181;258;163;197;153;144;142;90;141
5069;33;139;77;195;129;232;202;248;269;220;322;178;261;160;199;146;138;140;90;141
5070;25;145;70;193;122;232;177;252;242;241;313;186;254;164;190;152;137;145;85;144
5071;29;146;76;197;125;233;179;253;258;229;317;174;268;162;211;151;145;146;86;142
5072;28;145;91;204;149;247;229;244;280;214;318;181;257;165;202;154;130;144;82;145
5073;35;144;79;195;134;235;216;245;275;219;327;178;260;165;210;152;153;141;95;141
5074;36;139;76;189;122;224;179;245;253;233;315;181;259;160;218;151;163;136;111;137
5075;18;120;70;203;166;247;245;238;314;190;365;162;284;142;215;123;146;112;87;111
5076;34;145;75;190;122;229;175;250;232;244;283;211;329;176;275;165;213;150;154;139
5077;45;134;90;176;132;203;187;232;261;217;310;164;258;149;198;135;141;130;94;133
5078;26;139;78;198;139;240;215;248;270;222;322;178;261;146;210;134;144;120;86;126
5079;29;142;69;195;125;233;205;250;278;220;337;181;264;160;211;147;145;134;82;137
5080;31;141;81;201;147;243;221;245;283;216;336;174;264;157;204;141;143;132;91;138
5081;34;138;78;200;142;241;203;253;266;225;316;175;268;151;211;137;159;125;100;126
5082;46;129;86;174;140;206;209;226;279;210;337;165;270;130;223;115;166;103;113;111
5083;33;143;68;198;119;236;180;257;272;224;335;177;285;148;226;137;154;126;96;131
5084;15;158;68;220;138;257;236;253;294;208;345;173;286;153;222;136;138;135;75;141
5085;41;126;84;163;124;192;160;221;258;218;331;160;266;124;214;112;160;105;103;115
5086;29;140;77;205;138;249;209;254;278;223;340;174;292;151;230;135;157;122;107;126
5087;27;140;60;194;124;243;199;258;281;218;338;174;285;152;210;130;145;121;83;125
5088;27;120;76;183;137;231;242;237;301;200;356;156;282;124;204;105;126;107;75;112
5089;31;123;84;196;162;243;249;236;300;197;354;152;277;125;216;106;155;100;96;105
5090;28;141;69;193;130;231;221;250;277;223;330;172;255;145;178;129;121;125;73;128
5091;27;137;67;197;134;243;231;251;283;221;336;179;280;153;213;139;136;132;84;132
5092;29;139;88;199;147;244;231;250;279;221;324;178;261;150;196;138;135;136;84;137
5093;28;133;78;197;128;235;194;254;269;224;328;179;271;156;207;140;139;131;89;130
5094;31;149;81;216;142;250;210;254;271;228;326;191;275;165;210;150;136;139;90;136
5095;29;125;75;194;136;236;222;245;286;211;353;160;303;131;229;111;157;102;100;108
5096;31;139;74;199;125;237;188;252;263;228;322;184;264;162;204;148;138;139;84;141
5097;35;150;78;200;138;242;186;259;272;227;332;179;268;159;203;145;145;137;87;137
5098;32;146;77;204;138;245;212;254;272;222;324;181;257;157;199;149;142;143;91;141
5099;33;144;90;203;146;244;236;245;292;208;333;171;283;155;222;139;163;130;104;136
5100;26;148;84;207;136;245;223;255;280;216;330;174;263;153;201;139;143;132;87;133
5101;31;143;83;213;169;256;256;241;329;183;351;172;277;162;223;143;149;134;93;137
